_MON_TARGET,_MON_VOLT_Q,_MON_VOLT_D,_MON_CURR_Q,_MON_CURR_D,_MON_VEL,_MON_ANGLE
6.28,0.1179,0.0,72.4585,0.0,6.309,7.2987
6.28,0.1708,0.0,117.7534,0.0,6.2588,7.7259
6.28,0.2048,0.0,58.5804,0.0,6.2192,8.1516
6.28,0.0899,0.0,20.6211,0.0,6.3242,8.5799
6.28,0.0362,0.0,70.3754,0.0,6.3786,9.0068
6.28,-0.0481,0.0,9.0817,0.0,6.4788,9.4336
6.28,0.1371,0.0,101.4608,0.0,6.2896,9.8604
6.28,0.3588,0.0,173.7541,0.0,6.0601,10.2873
6.28,0.1502,0.0,108.4902,0.0,6.2902,10.7133
6.28,-0.0385,0.0,49.0183,0.0,6.4713,11.1413
6.28,0.2218,0.0,124.5712,0.0,6.1981,11.5689
6.28,0.1224,0.0,56.2341,0.0,6.2868,11.9934
6.28,0.1702,0.0,80.3311,0.0,6.2449,12.4153
6.28,0.0433,0.0,16.396,0.0,6.3773,12.8413
6.28,0.0632,0.0,26.4135,0.0,6.3539,13.2689
6.28,0.0823,0.0,74.1122,0.0,6.3444,13.6954
6.28,0.4199,0.0,165.7987,0.0,6.0161,14.1222
6.28,0.1357,0.0,134.8454,0.0,6.3074,14.5494
6.28,0.1101,0.0,68.9593,0.0,6.2914,14.9789
6.28,0.2608,0.0,86.5446,0.0,6.1587,15.4031
6.28,0.0781,0.0,15.0504,0.0,6.3461,15.8311
6.28,0.0701,0.0,68.6491,0.0,6.3461,16.2579
6.28,0.1377,0.0,82.5716,0.0,6.2928,16.6851
6.28,0.1586,0.0,74.0673,0.0,6.2777,17.1116
6.28,0.1319,0.0,41.7724,0.0,6.2835,17.5384
6.28,0.0397,0.0,33.777,0.0,6.3785,17.9652
6.28,0.2183,0.0,104.3594,0.0,6.1874,18.3901
6.28,0.2046,0.0,97.3811,0.0,6.2263,18.8112
6.28,0.0114,0.0,12.3409,0.0,6.4214,19.2388
6.28,0.0087,0.0,-19.8681,0.0,6.4071,19.6668
11.28,0.4392,0.0,252.0152,0.0,11.6255,20.2804
11.28,-0.1998,0.0,-101.5351,0.0,11.7878,21.0696
11.28,0.0939,0.0,65.1871,0.0,11.3186,21.8435
11.28,0.0451,0.0,79.1537,0.0,11.3718,22.6105
11.28,0.1547,0.0,133.5195,0.0,11.309,23.3752
11.28,0.2472,0.0,83.8724,0.0,11.2134,24.1422
11.28,0.0346,0.0,56.06,0.0,11.3488,24.9069
11.28,0.0996,0.0,86.625,0.0,11.3138,25.6712
11.28,0.1718,0.0,142.0496,0.0,11.2874,26.4359
11.28,0.1967,0.0,77.8537,0.0,11.2576,27.2044
11.28,0.2329,0.0,77.2512,0.0,11.1372,27.9748
11.28,-0.0535,0.0,11.7693,0.0,11.4475,28.7418
11.28,0.1159,0.0,125.089,0.0,11.3715,29.505
11.28,0.2134,0.0,86.2507,0.0,11.2356,30.2716
11.28,0.1565,0.0,59.3296,0.0,11.2339,31.0382
11.28,0.287,0.0,104.5638,0.0,11.1197,31.8002
11.28,0.2669,0.0,63.4924,0.0,11.166,32.5653
11.28,0.2499,0.0,104.3789,0.0,11.206,33.333
11.28,-0.1016,0.0,16.9718,0.0,11.5842,34.1046
11.28,-0.0122,0.0,50.721,0.0,11.4012,34.8712
11.28,0.4349,0.0,158.3829,0.0,11.0138,35.6328
11.28,0.3162,0.0,119.1468,0.0,11.1381,36.3994
11.28,-0.2277,0.0,-45.1802,0.0,11.8139,37.1695
11.28,0.1514,0.0,93.9444,0.0,11.2474,37.9288
11.28,0.1053,0.0,89.8716,0.0,11.3284,38.6947
11.28,0.2497,0.0,85.0766,0.0,11.2151,39.4609
11.28,0.2144,0.0,68.2406,0.0,11.1719,40.2309
11.28,0.0689,0.0,72.0814,0.0,11.3121,40.9995
11.28,0.2055,0.0,101.6152,0.0,11.2154,41.7645
11.28,-0.0954,0.0,8.0264,0.0,11.5512,42.5292
16.28,0.2069,0.0,168.9013,0.0,16.9271,43.521
16.28,0.1392,0.0,135.5835,0.0,16.5255,44.6396
16.28,0.1707,0.0,126.1766,0.0,16.3706,45.746
16.28,0.1365,0.0,33.6702,0.0,16.214,46.8627
16.28,0.2758,0.0,121.8511,0.0,16.1466,47.966
16.28,0.2872,0.0,127.1094,0.0,16.2066,49.0697
16.28,0.2817,0.0,88.5421,0.0,16.0678,50.1765
16.28,0.3136,0.0,178.8159,0.0,16.1417,51.2771
16.28,0.3893,0.0,177.9953,0.0,16.1048,52.3839
16.28,-0.0431,0.0,1.3307,0.0,16.377,53.4972
16.28,0.2869,0.0,146.9963,0.0,16.1872,54.5978
16.28,0.0573,0.0,-5.4124,0.0,16.4003,55.7054
16.28,0.1261,0.0,28.8354,0.0,16.2438,56.8087
16.28,0.1931,0.0,61.5965,0.0,16.3003,57.9105
16.28,-0.2704,0.0,-65.2221,0.0,16.7325,59.0222
16.28,0.2085,0.0,50.2972,0.0,16.1612,60.1294
16.28,0.446,0.0,152.7169,0.0,16.0438,61.2296
16.28,-0.1475,0.0,-103.9783,0.0,16.5416,62.3406
16.28,0.4772,0.0,222.5641,0.0,15.9313,63.4401
16.28,0.3344,0.0,132.4185,0.0,16.1798,64.5426
16.28,-0.1072,0.0,-11.1713,0.0,16.4514,65.6575
16.28,0.2153,0.0,174.0788,0.0,16.2392,66.7619
16.28,0.2446,0.0,105.8433,0.0,16.2528,67.8637
16.28,0.1696,0.0,16.5284,0.0,16.1676,68.9724
16.28,0.339,0.0,114.9154,0.0,16.1063,70.0722
16.28,0.498,0.0,177.3303,0.0,15.9944,71.1763
16.28,0.0916,0.0,30.5419,0.0,16.2451,72.2927
16.28,0.1721,0.0,108.2432,0.0,16.2895,73.3918
16.28,-0.1322,0.0,-81.9349,0.0,16.6021,74.4989
16.28,0.1852,0.0,57.8587,0.0,16.1786,75.6042
21.28,0.3518,0.0,122.7479,0.0,21.6869,76.964
21.28,-0.1165,0.0,-107.6866,0.0,21.5264,78.4409
21.28,0.2967,0.0,214.166,0.0,21.3871,79.8794
21.28,-0.2737,0.0,-67.8521,0.0,21.6448,81.3328
21.28,0.449,0.0,154.749,0.0,21.0275,82.7679
21.28,-0.4788,0.0,-174.3256,0.0,21.8925,84.2205
21.28,0.3586,0.0,149.6734,0.0,21.0537,85.6655
21.28,0.1704,0.0,15.9563,0.0,21.2536,87.1067
21.28,0.4086,0.0,155.0133,0.0,20.9786,88.5517
21.28,0.2491,0.0,73.7666,0.0,21.2999,89.9925
21.28,0.2129,0.0,133.3233,0.0,21.1097,91.4502
21.28,0.1575,0.0,105.6945,0.0,21.3805,92.8848
21.28,0.2808,0.0,71.7507,0.0,21.0508,94.3345
21.28,0.2178,0.0,134.448,0.0,21.3259,95.7726
21.28,0.1518,0.0,7.6236,0.0,21.1524,97.231
21.28,0.375,0.0,251.7091,0.0,21.1977,98.6695
21.28,-0.0859,0.0,-70.9677,0.0,21.4676,100.1187
21.28,0.4147,0.0,156.1567,0.0,21.0523,101.5553
21.28,-0.127,0.0,-112.4194,0.0,21.5722,103.0068
21.28,0.0454,0.0,85.6756,0.0,21.3471,104.4526
21.28,-0.0386,0.0,-87.0014,0.0,21.5508,105.8945
21.28,0.205,0.0,72.0165,0.0,21.1758,107.3403
21.28,0.0391,0.0,85.5979,0.0,21.5096,108.7803
21.28,0.3034,0.0,81.4383,0.0,20.9419,110.2361
21.28,0.5724,0.0,235.0996,0.0,20.9647,111.6719
21.28,-0.0565,0.0,-77.3065,0.0,21.3867,113.123
21.28,0.3146,0.0,221.9982,0.0,21.229,114.5596
21.28,-0.1892,0.0,-85.8556,0.0,21.4988,116.0188
21.28,0.3852,0.0,142.0364,0.0,21.1031,117.4554
21.28,-0.2442,0.0,-92.5307,0.0,21.6436,118.9054
26.28,0.602,0.0,232.5381,0.0,26.3455,120.6319
26.28,-0.3013,0.0,-119.1653,0.0,26.6733,122.4489
26.28,0.1711,0.0,136.5059,0.0,26.4197,124.221
26.28,0.2226,0.0,66.2121,0.0,26.1181,126.0146
26.28,-0.0211,0.0,19.7684,0.0,26.6068,127.7894
26.28,0.5085,0.0,317.4786,0.0,26.1736,129.5861
26.28,-0.4563,0.0,-157.7959,0.0,26.9408,131.3694
26.28,0.5339,0.0,220.3417,0.0,25.9855,133.1461
26.28,-0.2803,0.0,-184.2355,0.0,26.5604,134.9466
26.28,0.208,0.0,170.4564,0.0,26.3576,136.716
26.28,0.4123,0.0,160.852,0.0,25.9162,138.5077
26.28,0.4424,0.0,149.9201,0.0,26.0988,140.2833
26.28,0.3856,0.0,121.9283,0.0,25.9134,142.0796
26.28,-0.0116,0.0,-67.9096,0.0,26.4844,143.8621
26.28,0.7929,0.0,322.5995,0.0,25.5557,145.6377
26.28,-0.3489,0.0,-104.8721,0.0,26.7992,147.4393
26.28,0.456,0.0,163.0573,0.0,26.0953,149.2103
26.28,0.0227,0.0,79.1926,0.0,26.4012,151.0001
26.28,0.5872,0.0,246.4424,0.0,26.0181,152.7745
26.28,0.3281,0.0,229.6361,0.0,26.2274,154.5735
26.28,-0.0924,0.0,21.4643,0.0,26.6606,156.3552
26.28,0.3728,0.0,178.5717,0.0,26.1071,158.1312
26.28,-0.4915,0.0,-174.1318,0.0,26.8967,159.9298
26.28,0.5322,0.0,330.1737,0.0,26.1633,161.705
26.28,0.1697,0.0,97.5037,0.0,26.139,163.4955
26.28,0.0296,0.0,44.975,0.0,26.575,165.2669
26.28,0.2175,0.0,39.1268,0.0,26.0459,167.0674
26.28,-0.0397,0.0,-87.5351,0.0,26.4931,168.8457
26.28,0.4796,0.0,251.1017,0.0,25.9832,170.6239
26.28,-0.3446,0.0,-235.868,0.0,26.6863,172.4217
31.28,0.5277,0.0,327.9717,0.0,31.5084,174.5014
31.28,0.3317,0.0,230.4179,0.0,31.3395,176.6456
31.28,-0.3544,0.0,-241.5841,0.0,31.5521,178.7843
31.28,0.3059,0.0,218.7034,0.0,31.4271,180.8935
31.28,0.9968,0.0,436.9869,0.0,30.4252,183.0208
31.28,-0.2571,0.0,-166.4336,0.0,31.5328,185.1561
31.28,0.2153,0.0,161.1098,0.0,31.3859,187.2672
31.28,0.535,0.0,320.7349,0.0,30.8989,189.3906
31.28,-0.4366,0.0,-147.0901,0.0,31.7793,191.5332
31.28,0.2761,0.0,67.9954,0.0,31.3069,193.639
31.28,0.8659,0.0,358.5596,0.0,30.578,195.7632
31.28,-0.6122,0.0,-233.5898,0.0,31.8491,197.9039
31.28,0.1818,0.0,157.5562,0.0,31.5696,200.0131
31.28,0.6664,0.0,395.2874,0.0,30.8705,202.1342
31.28,-0.1622,0.0,-12.9056,0.0,31.4798,204.2741
31.28,0.1725,0.0,101.4689,0.0,31.421,206.3852
31.28,0.6806,0.0,297.8505,0.0,30.8412,208.5044
31.28,-0.3042,0.0,-95.7016,0.0,31.5326,210.6466
31.28,-0.0561,0.0,39.3891,0.0,31.7022,212.7585
31.28,0.8481,0.0,362.0525,0.0,30.7014,214.8754
31.28,-0.0137,0.0,31.8644,0.0,31.2469,217.0173
31.28,-0.2896,0.0,-74.6655,0.0,31.9405,219.133
31.28,0.6714,0.0,397.7497,0.0,31.0467,221.2476
31.28,0.2101,0.0,35.4996,0.0,31.0091,223.3906
31.28,-0.4992,0.0,-196.1845,0.0,32.0115,225.5036
31.28,0.6182,0.0,372.5216,0.0,31.0542,227.619
31.28,0.322,0.0,121.1355,0.0,30.9436,229.7612
31.28,-0.6459,0.0,-251.1547,0.0,32.3855,231.8788
31.28,0.7738,0.0,324.6495,0.0,30.8361,233.9888
31.28,0.2959,0.0,213.7729,0.0,31.1676,236.1329
36.28,-0.7633,0.0,-385.4691,0.0,37.4865,238.5413
36.28,-0.2409,0.0,-50.6754,0.0,37.253,241.001
36.28,0.6931,0.0,409.4181,0.0,35.9679,243.4719
36.28,0.6834,0.0,380.7689,0.0,35.7561,245.9382
36.28,0.1583,0.0,9.9961,0.0,35.9149,248.4178
36.28,-0.8996,0.0,-500.6707,0.0,37.3158,250.8741
36.28,0.4526,0.0,154.9631,0.0,36.2414,253.3181
36.28,0.6167,0.0,371.7772,0.0,35.9735,255.789
36.28,0.815,0.0,333.4638,0.0,35.4587,258.2568
36.28,-0.5152,0.0,-321.8161,0.0,36.6122,260.7369
36.28,-0.4902,0.0,-173.4981,0.0,37.1632,263.1866
36.28,0.8174,0.0,335.6535,0.0,35.8608,265.6345
36.28,0.9566,0.0,440.306,0.0,35.4917,268.1096
36.28,0.7104,0.0,282.9265,0.0,35.5419,270.5762
36.28,-0.9298,0.0,-525.0303,0.0,37.1822,273.049
36.28,0.2668,0.0,64.4043,0.0,36.3097,275.4957
36.28,1.0688,0.0,459.4913,0.0,35.4923,277.9504
36.28,0.8844,0.0,406.7909,0.0,35.4742,280.4309
36.28,0.1728,0.0,88.9482,0.0,36.0724,282.8971
36.28,-0.9937,0.0,-437.4436,0.0,37.4574,285.3588
36.28,0.5393,0.0,333.6488,0.0,36.3012,287.8116
36.28,1.0614,0.0,454.8655,0.0,35.3461,290.2698
36.28,0.6762,0.0,265.1034,0.0,35.5551,292.7507
36.28,-0.2583,0.0,-194.23,0.0,36.4274,295.2146
36.28,-0.5486,0.0,-202.2256,0.0,37.269,297.664
36.28,0.4237,0.0,250.1887,0.0,36.1835,300.1245
36.28,0.7078,0.0,416.6779,0.0,35.8164,302.5896
36.28,0.1234,0.0,-6.236,0.0,36.0083,305.0728
36.28,-0.7941,0.0,-324.1636,0.0,37.1721,307.5283
36.28,0.1989,0.0,60.9154,0.0,36.4929,309.9757
41.28,0.5445,0.0,244.1768,0.0,41.4042,312.7856
41.28,1.0996,0.0,496.8603,0.0,40.6147,315.5943
41.28,1.0231,0.0,436.0027,0.0,40.3551,318.4146
41.28,0.6436,0.0,249.0562,0.0,40.6802,321.2164
41.28,0.975,0.0,412.3158,0.0,39.9955,324.0339
41.28,-0.1134,0.0,-123.8401,0.0,41.1171,326.8319
41.28,-1.218,0.0,-600.0,0.0,43.3919,329.6414
41.28,-0.6855,0.0,-404.7067,0.0,42.0093,332.4313
41.28,0.0127,0.0,-27.8223,0.0,41.7135,335.2185
41.28,0.8336,0.0,342.644,0.0,40.7817,338.0246
41.28,1.08,0.0,600.0,0.0,40.6135,340.8233
41.28,0.842,0.0,368.5113,0.0,40.5758,343.6397
41.28,0.95,0.0,399.9682,0.0,40.2994,346.4396
41.28,0.7111,0.0,418.2709,0.0,40.477,349.2556
41.28,-0.0136,0.0,61.288,0.0,41.3069,352.0544
41.28,-1.218,0.0,-600.0,0.0,42.9464,354.8719
41.28,-0.9229,0.0,-490.2776,0.0,42.3596,357.6599
41.28,-0.0905,0.0,-112.5773,0.0,41.6894,360.4452
41.28,0.6827,0.0,268.3109,0.0,40.9301,363.2505
41.28,1.0815,0.0,584.3726,0.0,40.6328,366.0412
41.28,0.9992,0.0,560.2385,0.0,40.5109,368.8591
41.28,0.9797,0.0,550.6325,0.0,40.5287,371.6629
41.28,1.0936,0.0,471.736,0.0,40.0421,374.4781
41.28,0.6254,0.0,240.0763,0.0,40.516,377.2772
41.28,-1.218,0.0,-600.0,0.0,42.8371,380.094
41.28,-1.218,0.0,-541.7677,0.0,42.9551,382.8878
41.28,-0.8826,0.0,-397.162,0.0,42.5237,385.6719
41.28,0.3027,0.0,216.1235,0.0,41.4806,388.4765
41.28,0.8205,0.0,470.8377,0.0,40.9134,391.264
46.28,1.218,0.0,600.0,0.0,40.3038,394.0858
46.28,1.218,0.0,600.0,0.0,43.729,397.168
46.28,1.218,0.0,600.0,0.0,43.0618,400.3276
46.28,1.218,0.0,600.0,0.0,44.1992,403.4554
46.28,1.218,0.0,600.0,0.0,42.7119,406.6116
46.28,1.218,0.0,600.0,0.0,44.2189,409.742
46.28,1.218,0.0,600.0,0.0,42.8028,412.8974
46.28,1.218,0.0,600.0,0.0,44.0669,416.0256
46.28,1.218,0.0,600.0,0.0,42.6827,419.1821
46.28,1.218,0.0,600.0,0.0,44.6741,422.3092
46.28,1.218,0.0,600.0,0.0,43.1425,425.463
46.28,1.218,0.0,600.0,0.0,43.9947,428.5946
46.28,1.218,0.0,600.0,0.0,43.1553,431.752
46.28,1.218,0.0,600.0,0.0,44.368,434.8778
46.28,1.218,0.0,600.0,0.0,43.2162,438.0375
46.28,1.218,0.0,600.0,0.0,44.3377,441.1622
46.28,1.218,0.0,600.0,0.0,43.4683,444.3199
46.28,1.218,0.0,600.0,0.0,44.4133,447.4469
46.28,1.218,0.0,600.0,0.0,43.368,450.6076
46.28,1.218,0.0,600.0,0.0,43.8729,453.7331
46.28,1.218,0.0,600.0,0.0,42.731,456.8893
46.28,1.218,0.0,600.0,0.0,44.2655,460.0202
46.28,1.218,0.0,600.0,0.0,43.2398,463.1786
46.28,1.218,0.0,600.0,0.0,43.9287,466.303
46.28,1.218,0.0,600.0,0.0,43.3063,469.4588
46.28,1.218,0.0,600.0,0.0,43.8887,472.5896
46.28,1.218,0.0,600.0,0.0,43.4035,475.7454
46.28,1.218,0.0,600.0,0.0,44.0575,478.8735
46.28,1.218,0.0,600.0,0.0,42.9104,482.0309
46.28,1.218,0.0,600.0,0.0,43.7821,485.1586
51.28,1.218,0.0,600.0,0.0,43.1879,488.3213
51.28,1.218,0.0,600.0,0.0,47.3755,491.6531
51.28,1.218,0.0,600.0,0.0,46.7348,495.09
51.28,1.218,0.0,600.0,0.0,47.3492,498.4981
51.28,1.218,0.0,600.0,0.0,50.5162,501.953
51.28,-1.0984,0.0,-473.0974,0.0,53.6552,505.4026
51.28,-1.218,0.0,-600.0,0.0,55.9182,508.8828
51.28,-1.218,0.0,-600.0,0.0,55.9028,512.3511
51.28,-1.218,0.0,-600.0,0.0,52.784,515.7949
51.28,0.2848,0.0,72.3178,0.0,50.2982,519.2368
51.28,1.218,0.0,600.0,0.0,47.9213,522.633
51.28,1.218,0.0,600.0,0.0,46.8785,526.0672
51.28,1.218,0.0,600.0,0.0,47.2331,529.4666
51.28,1.218,0.0,600.0,0.0,47.89,532.8996
51.28,1.218,0.0,600.0,0.0,48.3906,536.3142
51.28,1.082,0.0,600.0,0.0,51.4831,539.7764
51.28,-1.218,0.0,-600.0,0.0,54.7615,543.2294
51.28,-1.218,0.0,-600.0,0.0,55.4642,546.7127
51.28,-1.218,0.0,-600.0,0.0,56.0039,550.1737
51.28,0.1661,0.0,13.8148,0.0,50.8963,553.6049
51.28,1.218,0.0,600.0,0.0,49.4661,557.0391
51.28,1.218,0.0,600.0,0.0,47.4675,560.4411
51.28,1.218,0.0,600.0,0.0,46.8218,563.8703
51.28,1.218,0.0,600.0,0.0,47.4291,567.2707
51.28,1.218,0.0,600.0,0.0,48.2304,570.7076
51.28,1.218,0.0,600.0,0.0,49.0491,574.1284
51.28,-0.7289,0.0,-292.0575,0.0,53.5238,577.6002
51.28,-1.218,0.0,-600.0,0.0,55.3155,581.0589
51.28,-1.218,0.0,-600.0,0.0,55.4858,584.5388
51.28,-1.218,0.0,-600.0,0.0,54.7617,587.9967
56.28,1.218,0.0,600.0,0.0,54.2375,591.4605
56.28,1.218,0.0,600.0,0.0,51.4324,595.2348
56.28,1.218,0.0,600.0,0.0,51.4139,598.9106
56.28,1.218,0.0,600.0,0.0,55.1872,602.6646
56.28,-1.218,0.0,-600.0,0.0,61.3396,606.4605
56.28,-0.0784,0.0,-106.6185,0.0,55.9221,610.2368
56.28,1.218,0.0,600.0,0.0,52.2397,613.9436
56.28,1.218,0.0,600.0,0.0,50.398,617.6267
56.28,1.218,0.0,600.0,0.0,54.0885,621.3635
56.28,-1.218,0.0,-600.0,0.0,59.9539,625.1375
56.28,-1.218,0.0,-600.0,0.0,58.4684,628.9414
56.28,1.218,0.0,600.0,0.0,52.4901,632.6544
56.28,1.218,0.0,600.0,0.0,50.4346,636.337
56.28,1.218,0.0,600.0,0.0,52.595,640.0593
56.28,-1.218,0.0,-600.0,0.0,59.3612,643.816
56.28,-1.218,0.0,-600.0,0.0,60.0836,647.6352
56.28,1.218,0.0,600.0,0.0,53.8414,651.3662
56.28,1.218,0.0,600.0,0.0,50.5858,655.0509
56.28,1.218,0.0,600.0,0.0,51.3877,658.7619
56.28,0.7397,0.0,432.4045,0.0,57.1472,662.5026
56.28,-1.218,0.0,-600.0,0.0,60.0792,666.3245
56.28,-0.0596,0.0,-96.3566,0.0,55.9703,670.0777
56.28,1.218,0.0,600.0,0.0,51.2245,673.7612
56.28,1.218,0.0,600.0,0.0,51.122,677.4669
56.28,1.218,0.0,600.0,0.0,55.4084,681.1837
56.28,-1.218,0.0,-600.0,0.0,61.1,685.0133
56.28,-1.218,0.0,-600.0,0.0,57.8316,688.7762
56.28,1.218,0.0,600.0,0.0,51.2525,692.4735
56.28,1.218,0.0,600.0,0.0,51.1471,696.1746
56.28,1.218,0.0,600.0,0.0,52.7974,699.8765
61.28,0.5968,0.0,362.0017,0.0,62.1053,703.7019
61.28,-0.3178,0.0,-132.4431,0.0,61.3711,707.8286
61.28,1.218,0.0,600.0,0.0,54.6893,711.7932
61.28,1.218,0.0,600.0,0.0,59.6831,715.826
61.28,-1.218,0.0,-600.0,0.0,65.7679,719.9552
61.28,1.218,0.0,600.0,0.0,56.0863,723.9741
61.28,1.218,0.0,600.0,0.0,56.5849,727.9571
61.28,-1.218,0.0,-600.0,0.0,65.3504,732.0413
61.28,1.218,0.0,600.0,0.0,59.4154,736.1348
61.28,1.218,0.0,600.0,0.0,55.6663,740.1105
61.28,1.218,0.0,600.0,0.0,59.4667,744.1237
61.28,-1.218,0.0,-600.0,0.0,64.3411,748.282
61.28,1.218,0.0,600.0,0.0,56.6194,752.283
61.28,1.218,0.0,600.0,0.0,55.4112,756.2575
61.28,-1.218,0.0,-600.0,0.0,66.0179,760.3786
61.28,1.218,0.0,600.0,0.0,59.5833,764.4544
61.28,1.218,0.0,600.0,0.0,54.4894,768.4255
61.28,1.218,0.0,600.0,0.0,60.3735,772.4691
61.28,-1.218,0.0,-600.0,0.0,65.1226,776.5958
61.28,1.218,0.0,600.0,0.0,55.6408,780.603
61.28,1.218,0.0,600.0,0.0,56.8714,784.5986
61.28,-1.218,0.0,-600.0,0.0,65.6153,788.6955
61.28,1.218,0.0,600.0,0.0,58.2349,792.7781
61.28,1.218,0.0,600.0,0.0,55.3579,796.7604
61.28,1.218,0.0,600.0,0.0,60.9229,800.7867
61.28,-1.218,0.0,-600.0,0.0,63.2113,804.94
61.28,1.218,0.0,600.0,0.0,55.6553,808.9318
61.28,1.218,0.0,600.0,0.0,55.7816,812.9082
61.28,-1.218,0.0,-600.0,0.0,65.798,817.0527
61.28,1.218,0.0,600.0,0.0,59.1235,821.1032
66.28,1.218,0.0,600.0,0.0,54.0324,825.0765
66.28,-1.218,0.0,-600.0,0.0,70.016,829.423
66.28,1.218,0.0,600.0,0.0,62.4185,833.7968
66.28,1.218,0.0,600.0,0.0,59.5745,838.0574
66.28,-1.218,0.0,-600.0,0.0,70.0265,842.5328
66.28,1.218,0.0,600.0,0.0,60.1281,846.8269
66.28,1.218,0.0,600.0,0.0,65.999,851.1454
66.28,1.218,0.0,600.0,0.0,63.9179,855.5886
66.28,1.218,0.0,600.0,0.0,60.4455,859.8641
66.28,-1.218,0.0,-600.0,0.0,70.5948,864.2759
66.28,1.218,0.0,600.0,0.0,59.5181,868.6209
66.28,1.218,0.0,600.0,0.0,64.4086,872.9279
66.28,-1.218,0.0,-600.0,0.0,68.5202,877.368
66.28,1.218,0.0,600.0,0.0,58.6201,881.6386
66.28,-1.218,0.0,-600.0,0.0,70.3048,886.0484
66.28,1.218,0.0,600.0,0.0,62.8197,890.4107
66.28,1.218,0.0,600.0,0.0,60.9445,894.6801
66.28,-1.218,0.0,-600.0,0.0,69.391,899.1571
66.28,1.218,0.0,600.0,0.0,60.4432,903.44
66.28,0.4387,0.0,284.1187,0.0,67.4716,907.77
66.28,1.218,0.0,600.0,0.0,63.1308,912.2086
66.28,1.218,0.0,600.0,0.0,60.1274,916.4749
66.28,-1.218,0.0,-600.0,0.0,71.0268,920.8978
66.28,1.218,0.0,600.0,0.0,59.0344,925.2271
66.28,1.218,0.0,600.0,0.0,64.7345,929.546
66.28,-0.9585,0.0,-411.9647,0.0,67.3906,933.983
66.28,1.218,0.0,600.0,0.0,58.4219,938.2471
66.28,-1.218,0.0,-600.0,0.0,70.7071,942.668
66.28,1.218,0.0,600.0,0.0,61.7445,947.0195
66.28,1.218,0.0,600.0,0.0,60.721,951.2863
71.28,-0.3415,0.0,-236.2299,0.0,72.384,955.8162
71.28,1.218,0.0,600.0,0.0,64.0341,960.4293
71.28,-1.218,0.0,-600.0,0.0,74.7756,965.1731
71.28,1.218,0.0,600.0,0.0,62.4754,969.7474
71.28,-1.218,0.0,-600.0,0.0,74.7198,974.5154
71.28,1.218,0.0,600.0,0.0,63.7582,979.0951
71.28,-1.218,0.0,-600.0,0.0,75.8429,983.8167
71.28,1.218,0.0,600.0,0.0,62.4452,988.4217
71.28,-1.218,0.0,-600.0,0.0,75.1012,993.156
71.28,1.218,0.0,600.0,0.0,64.6229,997.7683
71.28,-1.218,0.0,-600.0,0.0,74.5591,1002.4523
71.28,1.218,0.0,600.0,0.0,63.4323,1007.0941
71.28,-1.218,0.0,-600.0,0.0,75.2292,1011.7973
71.28,1.218,0.0,600.0,0.0,64.8485,1016.4376
71.28,-0.7649,0.0,-444.7979,0.0,73.0694,1021.0859
71.28,1.218,0.0,600.0,0.0,63.7981,1025.7749
71.28,-0.8085,0.0,-429.2731,0.0,73.2313,1030.432
71.28,1.218,0.0,600.0,0.0,65.856,1035.118
71.28,1.218,0.0,600.0,0.0,70.7089,1039.7294
71.28,1.218,0.0,600.0,0.0,65.4382,1044.4603
71.28,1.218,0.0,600.0,0.0,70.584,1049.074
71.28,1.218,0.0,600.0,0.0,67.7121,1053.79
71.28,1.218,0.0,600.0,0.0,67.515,1058.3735
71.28,1.218,0.0,600.0,0.0,67.1095,1063.1411
71.28,1.218,0.0,600.0,0.0,68.0004,1067.7231
71.28,1.218,0.0,600.0,0.0,68.7452,1072.4708
71.28,1.218,0.0,600.0,0.0,65.742,1077.0367
71.28,1.218,0.0,600.0,0.0,68.4269,1081.8146
71.28,1.218,0.0,600.0,0.0,65.9673,1086.3878
71.28,0.121,0.0,45.0359,0.0,71.4859,1091.1462
76.28,1.218,0.0,600.0,0.0,68.7201,1095.8126
76.28,1.218,0.0,600.0,0.0,71.7215,1100.8885
76.28,0.3442,0.0,237.5422,0.0,77.7546,1105.8107
76.28,1.218,0.0,600.0,0.0,69.5979,1110.7954
76.28,-1.218,0.0,-600.0,0.0,80.9795,1115.8077
76.28,1.218,0.0,600.0,0.0,67.779,1120.703
76.28,1.218,0.0,600.0,0.0,73.7334,1125.7912
76.28,1.218,0.0,600.0,0.0,74.8662,1130.6831
76.28,1.218,0.0,600.0,0.0,70.5032,1135.7072
76.28,-1.218,0.0,-600.0,0.0,79.4721,1140.6757
76.28,1.218,0.0,600.0,0.0,67.2161,1145.6091
76.28,-0.8059,0.0,-464.0,0.0,77.0686,1150.6888
76.28,1.218,0.0,600.0,0.0,71.1211,1155.5657
76.28,1.218,0.0,600.0,0.0,72.9072,1160.6129
76.28,1.1821,0.0,514.3031,0.0,76.0301,1165.5332
76.28,1.218,0.0,600.0,0.0,67.0252,1170.5258
76.28,-1.218,0.0,-600.0,0.0,79.9937,1175.5742
76.28,1.218,0.0,600.0,0.0,69.2188,1180.4549
76.28,1.218,0.0,600.0,0.0,75.0022,1185.5148
76.28,1.218,0.0,600.0,0.0,73.0965,1190.3959
76.28,1.218,0.0,600.0,0.0,68.6783,1195.4366
76.28,-1.218,0.0,-600.0,0.0,80.4324,1200.4396
76.28,1.218,0.0,600.0,0.0,68.8948,1205.3553
76.28,-1.08,0.0,-600.0,0.0,77.8526,1210.4033
76.28,1.218,0.0,600.0,0.0,70.582,1215.2698
76.28,1.218,0.0,600.0,0.0,71.2272,1220.3435
76.28,-0.9196,0.0,-384.9826,0.0,79.0771,1225.2967
76.28,1.218,0.0,600.0,0.0,68.6825,1230.2568
76.28,-1.218,0.0,-600.0,0.0,79.4556,1235.2806
76.28,1.218,0.0,600.0,0.0,68.2371,1240.1701
81.28,1.218,0.0,600.0,0.0,78.9731,1245.3327
81.28,-1.218,0.0,-600.0,0.0,84.7922,1250.6622
81.28,1.218,0.0,600.0,0.0,73.7249,1255.8873
81.28,1.218,0.0,600.0,0.0,76.4291,1261.2429
81.28,-1.218,0.0,-600.0,0.0,85.125,1266.5316
81.28,1.218,0.0,600.0,0.0,73.1622,1271.7425
81.28,1.218,0.0,600.0,0.0,73.5211,1277.1083
81.28,-1.218,0.0,-600.0,0.0,84.5755,1282.4439
81.28,1.218,0.0,600.0,0.0,77.5818,1287.6407
81.28,1.218,0.0,600.0,0.0,73.4771,1292.9729
81.28,-1.218,0.0,-600.0,0.0,83.7829,1298.3104
81.28,1.218,0.0,600.0,0.0,77.3424,1303.507
81.28,1.218,0.0,600.0,0.0,71.4793,1308.8334
81.28,0.7656,0.0,309.1321,0.0,80.3926,1314.2023
81.28,0.946,0.0,533.0001,0.0,81.9864,1319.4163
81.28,1.218,0.0,600.0,0.0,73.3089,1324.7028
81.28,1.218,0.0,600.0,0.0,79.5167,1330.0568
81.28,0.6539,0.0,390.1036,0.0,82.6942,1335.2996
81.28,1.218,0.0,600.0,0.0,71.8878,1340.5554
81.28,1.218,0.0,600.0,0.0,76.6941,1345.94
81.28,-1.218,0.0,-600.0,0.0,84.2146,1351.215
81.28,1.218,0.0,600.0,0.0,74.4812,1356.4375
81.28,1.218,0.0,600.0,0.0,76.119,1361.7983
81.28,-1.218,0.0,-600.0,0.0,84.6678,1367.0883
81.28,1.218,0.0,600.0,0.0,74.2934,1372.298
81.28,1.218,0.0,600.0,0.0,73.504,1377.6612
81.28,-1.218,0.0,-600.0,0.0,84.7655,1383.0056
81.28,1.218,0.0,600.0,0.0,77.7471,1388.2016
81.28,1.218,0.0,600.0,0.0,73.2596,1393.5318
81.28,-1.218,0.0,-600.0,0.0,83.2723,1398.8715
86.28,0.5196,0.0,323.936,0.0,87.3748,1404.321
86.28,1.218,0.0,600.0,0.0,77.6975,1409.9067
86.28,1.218,0.0,600.0,0.0,76.795,1415.5671
86.28,1.218,0.0,600.0,0.0,83.618,1421.234
86.28,-1.218,0.0,-600.0,0.0,90.3839,1426.848
86.28,1.218,0.0,600.0,0.0,83.253,1432.3811
86.28,1.218,0.0,600.0,0.0,78.3474,1437.9835
86.28,1.218,0.0,600.0,0.0,80.1498,1443.6347
86.28,-0.5803,0.0,-352.858,0.0,87.1446,1449.2781
86.28,-0.4062,0.0,-268.074,0.0,87.274,1454.8334
86.28,1.218,0.0,600.0,0.0,79.3138,1460.3823
86.28,1.218,0.0,600.0,0.0,75.6717,1466.0316
86.28,1.218,0.0,600.0,0.0,80.1096,1471.7038
86.28,-1.218,0.0,-600.0,0.0,88.2839,1477.3363
86.28,0.7051,0.0,415.3175,0.0,87.3977,1482.8765
86.28,1.218,0.0,600.0,0.0,78.5992,1488.4592
86.28,1.218,0.0,600.0,0.0,78.2567,1494.1003
86.28,1.218,0.0,600.0,0.0,84.7966,1499.7478
86.28,-1.218,0.0,-600.0,0.0,89.3505,1505.3425
86.28,1.218,0.0,600.0,0.0,82.435,1510.8771
86.28,1.218,0.0,600.0,0.0,75.7065,1516.4942
86.28,1.218,0.0,600.0,0.0,78.5154,1522.1661
86.28,0.1562,0.0,9.9302,0.0,85.6102,1527.8145
86.28,-1.218,0.0,-600.0,0.0,89.4837,1533.3898
86.28,1.218,0.0,600.0,0.0,80.8778,1538.939
86.28,1.218,0.0,600.0,0.0,78.1158,1544.5626
86.28,1.218,0.0,600.0,0.0,82.5317,1550.223
86.28,-1.218,0.0,-600.0,0.0,88.7678,1555.8381
86.28,1.218,0.0,600.0,0.0,84.2663,1561.3765
86.28,1.218,0.0,600.0,0.0,77.1371,1566.9553
91.28,1.218,0.0,600.0,0.0,82.8941,1572.7364
91.28,1.218,0.0,600.0,0.0,82.8649,1578.7354
91.28,1.218,0.0,600.0,0.0,87.6696,1584.6942
91.28,-0.0822,0.0,27.5265,0.0,92.3054,1590.6357
91.28,-1.218,0.0,-600.0,0.0,95.8703,1596.5534
91.28,-0.4394,0.0,-282.8494,0.0,92.8725,1602.4436
91.28,1.218,0.0,600.0,0.0,87.8781,1608.3305
91.28,1.218,0.0,600.0,0.0,84.9277,1614.2386
91.28,1.218,0.0,600.0,0.0,83.0959,1620.176
91.28,1.218,0.0,600.0,0.0,82.2953,1626.1251
91.28,1.218,0.0,600.0,0.0,85.1058,1632.0815
91.28,1.218,0.0,600.0,0.0,88.5927,1638.0261
91.28,-0.8308,0.0,-477.2789,0.0,92.6352,1643.9606
91.28,-1.218,0.0,-600.0,0.0,93.8433,1649.8658
91.28,0.9741,0.0,547.8684,0.0,92.0258,1655.752
91.28,1.218,0.0,600.0,0.0,86.3127,1661.6422
91.28,1.218,0.0,600.0,0.0,80.7483,1667.561
91.28,1.218,0.0,600.0,0.0,79.3406,1673.5097
91.28,1.218,0.0,600.0,0.0,80.7969,1679.4697
91.28,1.218,0.0,600.0,0.0,84.0637,1685.4338
91.28,1.218,0.0,600.0,0.0,88.9027,1691.3845
91.28,-1.218,0.0,-596.3595,0.0,93.5675,1697.3206
91.28,-1.218,0.0,-600.0,0.0,95.0054,1703.2253
91.28,1.08,0.0,600.0,0.0,91.6505,1709.1096
91.28,1.218,0.0,600.0,0.0,86.3348,1715.0036
91.28,1.218,0.0,600.0,0.0,83.4466,1720.9293
91.28,1.218,0.0,600.0,0.0,82.3177,1726.8693
91.28,1.218,0.0,600.0,0.0,83.7338,1732.8227
91.28,1.218,0.0,600.0,0.0,86.8861,1738.7668
91.28,1.0566,0.0,588.4765,0.0,91.1871,1744.7083
96.28,-1.08,0.0,-600.0,0.0,97.8808,1750.8999
96.28,-0.503,0.0,-180.775,0.0,97.732,1757.1485
96.28,-0.5557,0.0,-205.7339,0.0,98.0431,1763.3972
96.28,-0.9419,0.0,-532.0,0.0,97.7533,1769.6405
96.28,-1.08,0.0,-600.0,0.0,97.9466,1775.8873
96.28,-1.218,0.0,-600.0,0.0,99.3484,1782.1275
96.28,-1.218,0.0,-600.0,0.0,99.5902,1788.3712
96.28,-1.218,0.0,-600.0,0.0,99.7299,1794.6175
96.28,-1.218,0.0,-600.0,0.0,99.9667,1800.8613
96.28,-1.218,0.0,-600.0,0.0,99.9128,1807.1057
96.28,-1.218,0.0,-600.0,0.0,99.3437,1813.3593
96.28,-1.218,0.0,-600.0,0.0,99.517,1819.6019
96.28,-1.218,0.0,-600.0,0.0,99.672,1825.8371
96.28,-1.218,0.0,-600.0,0.0,99.4144,1832.0827
96.28,-1.218,0.0,-600.0,0.0,99.2767,1838.3256
96.28,-0.9916,0.0,-421.4718,0.0,99.3435,1844.5682
96.28,-0.4726,0.0,-164.8097,0.0,98.847,1850.8084
96.28,-0.3187,0.0,-90.0067,0.0,98.435,1857.0517
96.28,0.105,0.0,119.7469,0.0,98.1887,1863.2908
96.28,0.3776,0.0,254.0159,0.0,97.962,1869.5368
96.28,0.7357,0.0,430.4013,0.0,97.3729,1875.7797
96.28,0.9419,0.0,532.0,0.0,96.9998,1882.0227
96.28,1.08,0.0,600.0,0.0,96.6486,1888.2633
96.28,1.218,0.0,600.0,0.0,94.5352,1894.5069
96.28,1.218,0.0,600.0,0.0,95.725,1900.7525
96.28,1.218,0.0,600.0,0.0,94.93,1906.994
96.28,1.218,0.0,600.0,0.0,94.2065,1913.2333
96.28,1.218,0.0,600.0,0.0,93.641,1919.4775
96.28,1.218,0.0,600.0,0.0,93.1023,1925.7174
96.28,1.218,0.0,600.0,0.0,92.6117,1931.9594
101.28,1.218,0.0,600.0,0.0,99.3705,1938.3948
101.28,0.1373,0.0,135.6303,0.0,103.3729,1944.991
101.28,-0.9491,0.0,-535.5535,0.0,102.9918,1951.583
101.28,-0.6619,0.0,-258.0386,0.0,103.0732,1958.1699
101.28,1.218,0.0,600.0,0.0,99.8803,1964.7348
101.28,1.218,0.0,600.0,0.0,96.4023,1971.2884
101.28,1.218,0.0,600.0,0.0,93.3068,1977.8347
101.28,1.218,0.0,600.0,0.0,92.6063,1984.3802
101.28,1.218,0.0,600.0,0.0,92.1292,1990.9302
101.28,1.218,0.0,600.0,0.0,93.4635,1997.4888
101.28,1.218,0.0,600.0,0.0,96.9332,2004.0657
101.28,1.218,0.0,600.0,0.0,99.4174,2010.6569
101.28,-0.9865,0.0,-417.9757,0.0,104.2173,2017.2553
101.28,-1.218,0.0,-600.0,0.0,104.5577,2023.8557
101.28,-0.5844,0.0,-355.8875,0.0,102.2377,2030.4326
101.28,1.218,0.0,600.0,0.0,98.3238,2036.9908
101.28,1.218,0.0,600.0,0.0,94.4107,2043.5393
101.28,1.218,0.0,600.0,0.0,91.2161,2050.0776
101.28,1.218,0.0,600.0,0.0,88.736,2056.6203
101.28,1.218,0.0,600.0,0.0,89.7618,2063.164
101.28,1.218,0.0,600.0,0.0,90.0939,2069.7187
101.28,1.218,0.0,600.0,0.0,93.4577,2076.289
101.28,1.218,0.0,600.0,0.0,98.333,2082.8808
101.28,0.7897,0.0,457.0306,0.0,102.4519,2089.4729
101.28,-1.218,0.0,-600.0,0.0,104.6083,2096.0698
101.28,-1.218,0.0,-547.9604,0.0,103.6498,2102.6547
101.28,1.218,0.0,600.0,0.0,100.3434,2109.2294
101.28,1.218,0.0,600.0,0.0,96.9308,2115.7844
101.28,1.218,0.0,600.0,0.0,94.1852,2122.3334
101.28,1.218,0.0,600.0,0.0,92.6096,2128.8747
106.28,1.218,0.0,600.0,0.0,97.26,2135.707
106.28,1.218,0.0,600.0,0.0,104.452,2142.623
106.28,-1.218,0.0,-600.0,0.0,110.038,2149.5754
106.28,1.218,0.0,600.0,0.0,103.2875,2156.4655
106.28,1.218,0.0,600.0,0.0,95.4211,2163.3105
106.28,1.218,0.0,600.0,0.0,94.385,2170.1518
106.28,1.218,0.0,600.0,0.0,101.4392,2177.0537
106.28,-0.9062,0.0,-378.3832,0.0,109.0452,2184.0075
106.28,1.218,0.0,600.0,0.0,104.8001,2190.9157
106.28,1.218,0.0,600.0,0.0,98.4058,2197.7749
106.28,1.218,0.0,600.0,0.0,96.2811,2204.6296
106.28,1.218,0.0,600.0,0.0,102.2436,2211.5302
106.28,-1.08,0.0,-600.0,0.0,108.3719,2218.479
106.28,1.218,0.0,600.0,0.0,105.8704,2225.3894
106.28,1.218,0.0,600.0,0.0,97.0103,2232.2409
106.28,1.218,0.0,600.0,0.0,93.4094,2239.0734
106.28,1.218,0.0,600.0,0.0,97.2562,2245.9489
106.28,0.9419,0.0,532.0,0.0,107.4895,2252.8874
106.28,-0.3532,0.0,-241.9877,0.0,107.0225,2259.8264
106.28,1.218,0.0,600.0,0.0,99.796,2266.6967
106.28,1.218,0.0,600.0,0.0,96.5285,2273.5532
106.28,1.218,0.0,600.0,0.0,99.7176,2280.4221
106.28,0.1828,0.0,158.0258,0.0,108.1485,2287.3652
106.28,-0.9967,0.0,-559.0073,0.0,107.6916,2294.3134
106.28,1.218,0.0,600.0,0.0,98.9548,2301.1687
106.28,1.218,0.0,600.0,0.0,93.784,2308.0041
106.28,1.218,0.0,600.0,0.0,96.4767,2314.8576
106.28,1.218,0.0,600.0,0.0,103.622,2321.788
106.28,-0.9615,0.0,-405.6293,0.0,108.6629,2328.7431
106.28,1.218,0.0,600.0,0.0,103.2714,2335.6254
111.28,1.218,0.0,600.0,0.0,100.5792,2342.6997
111.28,1.218,0.0,600.0,0.0,109.7938,2349.9367
111.28,0.0715,0.0,-32.7958,0.0,111.2742,2357.2163
111.28,1.218,0.0,600.0,0.0,100.6457,2364.3649
111.28,1.218,0.0,600.0,0.0,101.32,2371.5332
111.28,-0.5959,0.0,-361.5631,0.0,112.3193,2378.8227
111.28,1.218,0.0,600.0,0.0,106.0943,2386.048
111.28,1.218,0.0,600.0,0.0,101.0572,2393.2092
111.28,0.4516,0.0,289.4875,0.0,112.9505,2400.4831
111.28,1.218,0.0,600.0,0.0,108.1454,2407.7336
111.28,1.218,0.0,600.0,0.0,98.4921,2414.8632
111.28,1.218,0.0,600.0,0.0,104.5793,2422.0664
111.28,-1.1875,0.0,-516.984,0.0,113.809,2429.3588
111.28,1.218,0.0,600.0,0.0,103.7217,2436.551
111.28,1.218,0.0,600.0,0.0,103.5422,2443.7287
111.28,-1.218,0.0,-600.0,0.0,114.1652,2451.027
111.28,1.218,0.0,600.0,0.0,104.196,2458.2341
111.28,1.218,0.0,600.0,0.0,97.2122,2465.3645
111.28,1.218,0.0,600.0,0.0,108.3124,2472.6059
111.28,1.218,0.0,589.3986,0.0,110.5144,2479.8872
111.28,1.218,0.0,600.0,0.0,101.5301,2487.0561
111.28,1.218,0.0,600.0,0.0,107.3265,2494.2563
111.28,-1.218,0.0,-600.0,0.0,114.2453,2501.5581
111.28,1.218,0.0,600.0,0.0,102.0426,2508.7382
111.28,1.218,0.0,600.0,0.0,100.028,2515.8811
111.28,0.6679,0.0,397.0,0.0,112.7817,2523.1499
111.28,1.218,0.0,600.0,0.0,108.158,2530.3977
111.28,1.218,0.0,600.0,0.0,100.9884,2537.5566
111.28,1.086,0.0,600.0,0.0,111.41,2544.7963
111.28,0.9501,0.0,400.0313,0.0,110.5751,2552.0834
116.28,1.218,0.0,600.0,0.0,103.7884,2559.3879
116.28,1.218,0.0,600.0,0.0,115.8507,2566.947
116.28,1.218,0.0,600.0,0.0,112.014,2574.5268
116.28,1.218,0.0,600.0,0.0,109.6733,2582.0183
116.28,-0.2538,0.0,-193.0,0.0,116.5104,2589.6606
116.28,1.218,0.0,600.0,0.0,103.6154,2597.112
116.28,1.218,0.0,600.0,0.0,115.6942,2604.6687
116.28,1.218,0.0,600.0,0.0,111.4029,2612.2497
116.28,1.218,0.0,600.0,0.0,109.8516,2619.7397
116.28,-0.1641,0.0,-148.8523,0.0,116.717,2627.384
116.28,1.218,0.0,600.0,0.0,103.3634,2634.8295
116.28,1.218,0.0,600.0,0.0,115.735,2642.4042
116.28,1.218,0.0,600.0,0.0,110.2443,2649.9709
116.28,1.218,0.0,600.0,0.0,109.4355,2657.4621
116.28,-0.4702,0.0,-299.6053,0.0,117.0765,2665.1049
116.28,1.218,0.0,600.0,0.0,101.9636,2672.5485
116.28,1.08,0.0,600.0,0.0,116.5043,2680.1149
116.28,1.218,0.0,600.0,0.0,111.2553,2687.6816
116.28,1.218,0.0,600.0,0.0,110.5179,2695.1813
116.28,-0.0113,0.0,62.4441,0.0,117.3115,2702.8198
116.28,1.218,0.0,600.0,0.0,102.7939,2710.2744
116.28,1.218,0.0,600.0,0.0,115.6536,2717.8469
116.28,1.218,0.0,600.0,0.0,109.5931,2725.4106
116.28,1.218,0.0,600.0,0.0,110.2374,2732.915
116.28,-0.0728,0.0,32.1235,0.0,117.5343,2740.5468
116.28,1.218,0.0,600.0,0.0,101.9254,2747.9924
116.28,0.9374,0.0,528.7523,0.0,117.1492,2755.5661
116.28,1.218,0.0,600.0,0.0,110.6204,2763.1281
116.28,1.218,0.0,600.0,0.0,110.4731,2770.6342
116.28,0.4862,0.0,307.508,0.0,116.7164,2778.2575
121.28,1.218,0.0,600.0,0.0,109.6441,2785.9853
121.28,0.6344,0.0,244.4954,0.0,121.1553,2793.9482
121.28,1.218,0.0,600.0,0.0,111.3352,2801.746
121.28,0.9481,0.0,461.209,0.0,121.2804,2809.7099
121.28,1.218,0.0,600.0,0.0,109.1401,2817.4621
121.28,1.1909,0.0,569.9101,0.0,121.2066,2825.4296
121.28,1.218,0.0,600.0,0.0,113.4082,2833.2224
121.28,1.218,0.0,600.0,0.0,120.1595,2841.196
121.28,1.218,0.0,600.0,0.0,109.8418,2848.9401
121.28,1.218,0.0,600.0,0.0,119.4331,2856.9008
121.28,1.218,0.0,600.0,0.0,112.8047,2864.7053
121.28,1.218,0.0,600.0,0.0,118.6449,2872.6606
121.28,1.218,0.0,600.0,0.0,109.1505,2880.4145
121.28,1.218,0.0,600.0,0.0,118.9497,2888.3789
121.28,1.218,0.0,600.0,0.0,113.6608,2896.1865
121.28,1.218,0.0,600.0,0.0,118.3815,2904.1452
121.28,1.218,0.0,600.0,0.0,109.8823,2911.8986
121.28,1.218,0.0,600.0,0.0,120.0077,2919.8549
121.28,1.218,0.0,600.0,0.0,113.5215,2927.6672
121.28,1.218,0.0,600.0,0.0,118.0738,2935.6179
121.28,1.218,0.0,600.0,0.0,111.6156,2943.3881
121.28,1.218,0.0,600.0,0.0,117.5298,2951.3354
121.28,1.218,0.0,600.0,0.0,115.25,2959.1567
121.28,1.218,0.0,600.0,0.0,115.6683,2967.0971
121.28,1.218,0.0,600.0,0.0,113.015,2974.864
121.28,1.218,0.0,600.0,0.0,117.412,2982.8146
121.28,1.218,0.0,600.0,0.0,116.1823,2990.6379
121.28,1.218,0.0,600.0,0.0,114.9841,2998.5708
121.28,1.218,0.0,600.0,0.0,113.5723,3006.354
126.28,1.218,0.0,600.0,0.0,115.8996,3014.3017
126.28,1.218,0.0,600.0,0.0,124.6923,3022.3737
126.28,1.218,0.0,600.0,0.0,113.6682,3030.5422
126.28,-0.0743,0.0,-104.6181,0.0,127.0538,3038.7888
126.28,1.218,0.0,600.0,0.0,116.9874,3046.9235
126.28,1.218,0.0,600.0,0.0,118.6061,3055.1877
126.28,1.218,0.0,600.0,0.0,125.1287,3063.3293
126.28,1.218,0.0,600.0,0.0,114.8459,3071.5209
126.28,-0.3326,0.0,-96.8192,0.0,127.8837,3079.7956
126.28,1.218,0.0,600.0,0.0,116.326,3087.8789
126.28,1.218,0.0,600.0,0.0,120.6037,3096.1408
126.28,-0.9886,0.0,-419.0,0.0,128.4367,3104.3635
126.28,1.218,0.0,600.0,0.0,111.1216,3112.4785
126.28,0.9694,0.0,544.5571,0.0,126.9968,3120.7502
126.28,1.218,0.0,600.0,0.0,120.8656,3128.8918
126.28,1.218,0.0,600.0,0.0,115.0265,3137.1174
126.28,0.8618,0.0,492.5239,0.0,127.1569,3145.3215
126.28,1.218,0.0,600.0,0.0,115.5063,3153.4685
126.28,1.218,0.0,600.0,0.0,123.7553,3161.7426
126.28,1.218,0.0,600.0,0.0,119.9367,3169.851
126.28,1.218,0.0,600.0,0.0,116.966,3178.0783
126.28,-1.218,0.0,-600.0,0.0,129.6448,3186.3266
126.28,1.218,0.0,600.0,0.0,112.2346,3194.4179
126.28,1.218,0.0,600.0,0.0,124.0328,3202.6936
126.28,1.218,0.0,600.0,0.0,124.6561,3210.8718
126.28,1.218,0.0,600.0,0.0,113.821,3219.038
126.28,-0.5507,0.0,-339.2902,0.0,127.6194,3227.2836
126.28,1.218,0.0,600.0,0.0,117.8191,3235.4172
126.28,1.218,0.0,600.0,0.0,119.659,3243.6833
126.28,1.218,0.0,600.0,0.0,123.8051,3251.8261
131.28,1.218,0.0,600.0,0.0,115.1483,3260.0229
131.28,1.218,0.0,600.0,0.0,129.2207,3268.5373
131.28,1.218,0.0,600.0,0.0,128.3609,3276.9819
131.28,1.218,0.0,600.0,0.0,119.9494,3285.4821
131.28,1.218,0.0,600.0,0.0,122.6339,3294.0654
131.28,0.723,0.0,288.1724,0.0,131.2852,3302.58
131.28,1.218,0.0,600.0,0.0,124.6727,3311.0527
131.28,1.218,0.0,600.0,0.0,117.1454,3319.5817
131.28,1.218,0.0,600.0,0.0,129.3047,3328.153
131.28,1.218,0.0,581.6741,0.0,130.8784,3336.6584
131.28,1.218,0.0,600.0,0.0,116.0044,3345.1132
131.28,1.218,0.0,600.0,0.0,126.2777,3353.7001
131.28,-1.218,0.0,-600.0,0.0,134.8218,3362.2551
131.28,1.218,0.0,600.0,0.0,120.8371,3370.674
131.28,1.218,0.0,600.0,0.0,121.248,3379.2363
131.28,1.218,0.0,600.0,0.0,130.8728,3387.8205
131.28,1.218,0.0,600.0,0.0,126.8505,3396.26
131.28,1.218,0.0,600.0,0.0,121.3717,3404.7622
131.28,1.218,0.0,600.0,0.0,123.1131,3413.3486
131.28,0.944,0.0,533.0001,0.0,132.1382,3421.851
131.28,1.218,0.0,600.0,0.0,123.9651,3430.3239
131.28,1.218,0.0,600.0,0.0,118.8738,3438.8698
131.28,1.1471,0.0,497.0547,0.0,130.7942,3447.4294
131.28,1.218,0.0,600.0,0.0,130.3843,3455.9218
131.28,1.218,0.0,600.0,0.0,116.5671,3464.3898
131.28,1.218,0.0,600.0,0.0,126.3169,3472.9763
131.28,-1.1916,0.0,-518.9737,0.0,134.7239,3481.5117
131.28,1.218,0.0,600.0,0.0,119.615,3489.9401
131.28,1.218,0.0,600.0,0.0,121.8376,3498.5112
131.28,-0.1609,0.0,-147.2743,0.0,131.708,3507.0952
136.28,1.218,0.0,600.0,0.0,125.0422,3515.529
136.28,1.218,0.0,600.0,0.0,125.978,3524.238
136.28,1.218,0.0,600.0,0.0,123.666,3533.1213
136.28,1.218,0.0,600.0,0.0,131.769,3541.9931
136.28,-1.1958,0.0,-521.0604,0.0,139.4259,3550.8657
136.28,1.218,0.0,600.0,0.0,131.2154,3559.6342
136.28,1.218,0.0,600.0,0.0,128.484,3568.4682
136.28,1.218,0.0,600.0,0.0,121.8973,3577.3237
136.28,1.218,0.0,600.0,0.0,129.397,3586.2082
136.28,0.2801,0.0,70.956,0.0,136.383,3595.1044
136.28,1.218,0.0,600.0,0.0,134.5405,3603.8876
136.28,1.218,0.0,600.0,0.0,130.5346,3612.7143
136.28,1.218,0.0,600.0,0.0,120.9354,3621.5278
136.28,1.218,0.0,600.0,0.0,126.5956,3630.4152
136.28,1.218,0.0,600.0,0.0,132.3709,3639.3151
136.28,0.5469,0.0,337.3883,0.0,137.9059,3648.1208
136.28,1.218,0.0,600.0,0.0,135.183,3656.9448
136.28,1.218,0.0,600.0,0.0,122.0616,3665.7395
136.28,1.218,0.0,600.0,0.0,126.456,3674.6169
136.28,1.218,0.0,600.0,0.0,128.8793,3683.5136
136.28,0.6781,0.0,402.0325,0.0,137.1125,3692.3608
136.28,0.6679,0.0,397.0,0.0,137.9179,3701.184
136.28,1.218,0.0,600.0,0.0,125.4518,3709.9621
136.28,1.218,0.0,600.0,0.0,123.7654,3718.8288
136.28,1.218,0.0,600.0,0.0,124.9748,3727.7167
136.28,1.218,0.0,600.0,0.0,134.6392,3736.5837
136.28,-0.9224,0.0,-522.3648,0.0,138.1896,3745.4377
136.28,1.218,0.0,600.0,0.0,130.2205,3754.1906
136.28,1.218,0.0,600.0,0.0,126.0217,3763.049
136.28,1.218,0.0,600.0,0.0,123.292,3771.9172
141.28,1.218,0.0,600.0,0.0,132.536,3780.8105
141.28,1.218,0.0,600.0,0.0,139.9424,3789.9082
141.28,0.6028,0.0,229.937,0.0,140.3807,3799.0476
141.28,-0.2242,0.0,-178.4603,0.0,142.5798,3808.2324
141.28,1.218,0.0,600.0,0.0,139.4534,3817.3449
141.28,1.218,0.0,600.0,0.0,136.6551,3826.5202
141.28,1.218,0.0,600.0,0.0,130.6907,3835.6545
141.28,1.218,0.0,600.0,0.0,131.4151,3844.8374
141.28,1.218,0.0,600.0,0.0,126.3613,3853.9929
141.28,1.218,0.0,600.0,0.0,129.7766,3863.1818
141.28,1.218,0.0,600.0,0.0,129.6748,3872.3615
141.28,1.218,0.0,600.0,0.0,134.2575,3881.5578
141.28,1.218,0.0,600.0,0.0,135.4451,3890.7568
141.28,1.218,0.0,600.0,0.0,139.8255,3899.9218
141.28,-0.3435,0.0,-236.2222,0.0,142.569,3909.1169
141.28,1.0098,0.0,430.4313,0.0,140.5749,3918.2407
141.28,0.944,0.0,397.0,0.0,141.3932,3927.4235
141.28,1.218,0.0,600.0,0.0,136.2362,3936.5463
141.28,1.218,0.0,600.0,0.0,135.7017,3945.7246
141.28,1.218,0.0,600.0,0.0,128.103,3954.8583
141.28,1.218,0.0,600.0,0.0,129.3436,3964.0473
141.28,1.218,0.0,600.0,0.0,125.4825,3973.2148
141.28,1.218,0.0,600.0,0.0,131.4734,3982.404
141.28,1.218,0.0,600.0,0.0,131.296,3991.6079
141.28,1.218,0.0,600.0,0.0,136.3298,4000.7834
141.28,1.218,0.0,600.0,0.0,138.8547,4009.9853
141.28,1.2125,0.0,529.2878,0.0,140.712,4019.1311
141.28,-1.0075,0.0,-564.3182,0.0,142.9751,4028.3234
141.28,1.218,0.0,600.0,0.0,140.185,4037.444
141.28,1.218,0.0,600.0,0.0,139.9221,4046.6157
146.28,1.218,0.0,600.0,0.0,135.4976,4055.7844
146.28,1.218,0.0,600.0,0.0,141.9189,4065.2048
146.28,1.218,0.0,600.0,0.0,138.1489,4074.6887
146.28,1.218,0.0,600.0,0.0,144.6985,4084.2155
146.28,1.218,0.0,600.0,0.0,141.113,4093.6958
146.28,1.218,0.0,600.0,0.0,145.094,4103.2294
146.28,1.218,0.0,600.0,0.0,144.3732,4112.6889
146.28,0.6638,0.0,395.0,0.0,148.1196,4122.2163
146.28,1.218,0.0,600.0,0.0,145.339,4131.6992
146.28,-0.3524,0.0,-157.8611,0.0,147.7976,4141.2294
146.28,0.9419,0.0,532.0,0.0,147.2728,4150.6884
146.28,-0.6618,0.0,-392.9853,0.0,146.9407,4160.2211
146.28,0.9939,0.0,557.5908,0.0,147.0044,4169.6992
146.28,-0.6161,0.0,-371.5043,0.0,146.4827,4179.2138
146.28,0.8315,0.0,477.5935,0.0,147.2089,4188.6982
146.28,0.0187,0.0,77.1916,0.0,147.9245,4198.2089
146.28,1.218,0.0,594.5829,0.0,145.714,4207.685
146.28,1.218,0.0,600.0,0.0,145.0112,4217.205
146.28,1.218,0.0,600.0,0.0,143.8672,4226.6743
146.28,1.218,0.0,600.0,0.0,142.8421,4236.1899
146.28,1.218,0.0,600.0,0.0,143.492,4245.6679
146.28,1.218,0.0,600.0,0.0,142.0662,4255.1625
146.28,1.218,0.0,600.0,0.0,141.2563,4264.645
146.28,1.218,0.0,600.0,0.0,139.2518,4274.1489
146.28,1.218,0.0,600.0,0.0,138.9475,4283.6201
146.28,1.218,0.0,600.0,0.0,136.8273,4293.122
146.28,1.218,0.0,600.0,0.0,137.7151,4302.604
146.28,1.218,0.0,600.0,0.0,134.7228,4312.101
146.28,1.218,0.0,600.0,0.0,136.0352,4321.5888
146.28,1.218,0.0,600.0,0.0,132.8913,4331.081
151.28,1.218,0.0,600.0,0.0,136.0656,4340.5859
151.28,1.218,0.0,600.0,0.0,135.2502,4350.2294
151.28,1.218,0.0,600.0,0.0,139.9573,4360.0419
151.28,1.218,0.0,600.0,0.0,142.6255,4369.8452
151.28,1.218,0.0,600.0,0.0,149.2652,4379.7275
151.28,0.944,0.0,532.0,0.0,152.4707,4389.5507
151.28,1.218,0.0,600.0,0.0,150.9925,4399.4062
151.28,1.218,0.0,600.0,0.0,145.6006,4409.1987
151.28,1.218,0.0,600.0,0.0,138.8939,4418.9912
151.28,1.218,0.0,600.0,0.0,138.1531,4428.7836
151.28,1.218,0.0,600.0,0.0,135.7311,4438.5751
151.28,1.218,0.0,600.0,0.0,146.2896,4448.4238
151.28,1.218,0.0,600.0,0.0,147.6403,4458.2612
151.28,-0.6568,0.0,-390.528,0.0,152.6327,4468.1376
151.28,1.218,0.0,600.0,0.0,148.8993,4477.936
151.28,1.218,0.0,600.0,0.0,144.0648,4487.7553
151.28,1.218,0.0,600.0,0.0,140.4814,4497.5317
151.28,1.218,0.0,600.0,0.0,134.7137,4507.3168
151.28,1.218,0.0,600.0,0.0,138.9971,4517.1337
151.28,1.218,0.0,600.0,0.0,141.0648,4526.9501
151.28,1.218,0.0,600.0,0.0,150.1321,4536.8344
151.28,0.3213,0.0,226.2924,0.0,153.1268,4546.6586
151.28,1.218,0.0,600.0,0.0,149.1124,4556.5073
151.28,1.218,0.0,600.0,0.0,144.9347,4566.2968
151.28,1.218,0.0,600.0,0.0,139.1189,4576.0961
151.28,1.218,0.0,600.0,0.0,139.6953,4585.8823
151.28,1.218,0.0,600.0,0.0,137.8178,4595.6738
151.28,1.218,0.0,600.0,0.0,146.9485,4605.5322
151.28,1.218,0.0,600.0,0.0,147.8108,4615.3691
151.28,-0.4546,0.0,-291.9486,0.0,152.2348,4625.2465
156.28,1.218,0.0,600.0,0.0,151.7893,4635.1074
156.28,1.218,0.0,600.0,0.0,145.1863,4645.1123
156.28,1.218,0.0,600.0,0.0,143.1597,4655.2001
156.28,1.218,0.0,600.0,0.0,148.6847,4665.3491
156.28,0.2096,0.0,35.2457,0.0,156.3989,4675.5703
156.28,1.218,0.0,600.0,0.0,150.7666,4685.6875
156.28,1.218,0.0,600.0,0.0,139.4822,4695.7675
156.28,1.218,0.0,600.0,0.0,149.0768,4705.9101
156.28,1.082,0.0,600.0,0.0,156.7664,4716.0937
156.28,1.218,0.0,600.0,0.0,153.5618,4726.2851
156.28,1.218,0.0,600.0,0.0,146.4608,4736.3642
156.28,1.218,0.0,600.0,0.0,141.4052,4746.4707
156.28,1.218,0.0,600.0,0.0,153.6949,4756.6762
156.28,1.218,0.0,600.0,0.0,155.3289,4766.8461
156.28,1.218,0.0,600.0,0.0,145.3266,4776.9628
156.28,1.218,0.0,600.0,0.0,143.2055,4787.0581
156.28,1.218,0.0,600.0,0.0,146.6965,4797.1909
156.28,-0.1702,0.0,-151.8276,0.0,157.2258,4807.416
156.28,1.218,0.0,600.0,0.0,151.946,4817.5405
156.28,1.218,0.0,600.0,0.0,140.9327,4827.6274
156.28,1.218,0.0,600.0,0.0,145.3658,4837.7568
156.28,1.218,0.0,600.0,0.0,154.1518,4847.9409
156.28,1.218,0.0,600.0,0.0,154.0755,4858.1279
156.28,1.218,0.0,600.0,0.0,146.9396,4868.2221
156.28,1.218,0.0,600.0,0.0,141.5187,4878.2929
156.28,1.218,0.0,600.0,0.0,153.854,4888.4858
156.28,0.5464,0.0,337.1849,0.0,157.6113,4898.6621
156.28,1.218,0.0,600.0,0.0,148.8772,4908.7998
156.28,1.218,0.0,600.0,0.0,142.2467,4918.8876
156.28,1.218,0.0,600.0,0.0,145.9585,4929.019
161.28,1.218,0.0,600.0,0.0,158.4591,4939.2651
161.28,1.218,0.0,600.0,0.0,153.5627,4949.5263
161.28,1.218,0.0,600.0,0.0,145.1917,4959.8549
161.28,1.218,0.0,600.0,0.0,159.6235,4970.3715
161.28,1.218,0.0,600.0,0.0,158.2416,4980.8374
161.28,1.218,0.0,600.0,0.0,144.9247,4991.2309
161.28,1.218,0.0,600.0,0.0,159.9349,5001.7485
161.28,1.218,0.0,600.0,0.0,158.6519,5012.2158
161.28,1.218,0.0,600.0,0.0,145.2762,5022.6103
161.28,1.218,0.0,600.0,0.0,158.0604,5033.124
161.28,1.218,0.0,600.0,0.0,156.8345,5043.6118
161.28,1.218,0.0,600.0,0.0,145.2464,5054.0063
161.28,1.218,0.0,600.0,0.0,157.8101,5064.5117
161.28,1.218,0.0,600.0,0.0,157.4705,5075.0043
161.28,1.218,0.0,600.0,0.0,145.3423,5085.3935
161.28,1.218,0.0,600.0,0.0,157.5162,5095.895
161.28,1.218,0.0,600.0,0.0,157.7711,5106.3872
161.28,1.218,0.0,600.0,0.0,145.9929,5116.7836
161.28,1.218,0.0,600.0,0.0,158.1625,5127.2788
161.28,1.218,0.0,600.0,0.0,159.6567,5137.7768
161.28,1.218,0.0,600.0,0.0,144.2662,5148.1582
161.28,1.218,0.0,600.0,0.0,158.3384,5158.6635
161.28,1.218,0.0,600.0,0.0,159.6632,5169.1591
161.28,1.218,0.0,600.0,0.0,144.612,5179.5493
161.28,1.218,0.0,600.0,0.0,158.5895,5190.0346
161.28,1.218,0.0,600.0,0.0,158.466,5200.5356
161.28,1.218,0.0,600.0,0.0,146.2049,5210.9404
161.28,1.218,0.0,600.0,0.0,155.3865,5221.4135
161.28,1.218,0.0,600.0,0.0,158.9304,5231.9199
161.28,1.218,0.0,600.0,0.0,147.0325,5242.3159
166.28,1.218,0.0,600.0,0.0,157.4842,5252.85
166.28,1.218,0.0,600.0,0.0,161.6931,5263.4628
166.28,1.218,0.0,600.0,0.0,147.9135,5274.0473
166.28,1.218,0.0,600.0,0.0,164.7692,5284.8491
166.28,1.218,0.0,600.0,0.0,154.8173,5295.5673
166.28,1.218,0.0,600.0,0.0,159.1691,5306.3149
166.28,1.218,0.0,600.0,0.0,158.8824,5317.1401
166.28,1.218,0.0,600.0,0.0,154.3672,5327.8442
166.28,1.218,0.0,600.0,0.0,164.1885,5338.6914
166.28,1.218,0.0,600.0,0.0,150.3264,5349.371
166.28,1.0454,0.0,582.9865,0.0,167.1199,5360.2319
166.28,1.218,0.0,600.0,0.0,155.8951,5370.9526
166.28,1.218,0.0,600.0,0.0,159.5009,5381.7167
166.28,1.218,0.0,600.0,0.0,157.8576,5392.5375
166.28,1.218,0.0,600.0,0.0,155.6387,5403.2509
166.28,1.218,0.0,600.0,0.0,165.2252,5414.0947
166.28,1.218,0.0,600.0,0.0,148.7091,5424.7822
166.28,0.6934,0.0,409.5619,0.0,167.5243,5435.6323
166.28,1.218,0.0,600.0,0.0,156.1588,5446.371
166.28,1.218,0.0,600.0,0.0,159.8157,5457.1362
166.28,1.218,0.0,600.0,0.0,157.4288,5467.9521
166.28,1.218,0.0,600.0,0.0,156.409,5478.6694
166.28,1.218,0.0,600.0,0.0,163.87,5489.5043
166.28,1.218,0.0,600.0,0.0,150.5239,5500.1958
166.28,0.6658,0.0,396.0,0.0,167.6094,5511.0498
166.28,1.218,0.0,600.0,0.0,154.0824,5521.7836
166.28,1.218,0.0,600.0,0.0,159.0627,5532.5366
166.28,1.218,0.0,600.0,0.0,157.6454,5543.3549
166.28,1.218,0.0,600.0,0.0,154.6179,5554.0585
166.28,1.218,0.0,600.0,0.0,164.953,5564.9057
171.28,1.218,0.0,600.0,0.0,150.2557,5575.6049
171.28,1.218,0.0,600.0,0.0,166.3006,5586.5009
171.28,1.218,0.0,600.0,0.0,155.1861,5597.2954
171.28,1.218,0.0,600.0,0.0,164.9399,5608.1938
171.28,1.218,0.0,600.0,0.0,155.3707,5619.0932
171.28,1.218,0.0,600.0,0.0,165.1684,5630.0371
171.28,1.218,0.0,600.0,0.0,159.0846,5640.9912
171.28,1.218,0.0,600.0,0.0,164.293,5651.9331
171.28,1.218,0.0,600.0,0.0,158.326,5662.9541
171.28,1.218,0.0,600.0,0.0,164.971,5673.9409
171.28,1.218,0.0,600.0,0.0,160.4115,5684.958
171.28,1.218,0.0,600.0,0.0,163.1337,5695.9453
171.28,1.218,0.0,600.0,0.0,158.7931,5706.9819
171.28,1.218,0.0,600.0,0.0,167.8844,5718.0268
171.28,1.218,0.0,600.0,0.0,158.3122,5729.0351
171.28,1.218,0.0,600.0,0.0,165.2746,5740.0595
171.28,1.218,0.0,600.0,0.0,156.4258,5751.0883
171.28,1.218,0.0,600.0,0.0,169.6988,5762.1552
171.28,1.218,0.0,600.0,0.0,157.8998,5773.1523
171.28,1.218,0.0,600.0,0.0,166.737,5784.2089
171.28,1.218,0.0,600.0,0.0,155.8353,5795.2138
171.28,1.08,0.0,600.0,0.0,171.9761,5806.3129
171.28,1.218,0.0,600.0,0.0,156.2372,5817.3007
171.28,1.218,0.0,600.0,0.0,171.0113,5828.3872
171.28,1.218,0.0,600.0,0.0,153.2243,5839.3779
171.28,1.218,0.0,600.0,0.0,169.5515,5850.5068
171.28,1.218,0.0,600.0,0.0,155.7713,5861.475
171.28,1.218,0.0,600.0,0.0,170.4371,5872.5937
171.28,1.218,0.0,600.0,0.0,152.571,5883.5483
171.28,1.218,0.0,600.0,0.0,170.5321,5894.6884
176.28,1.218,0.0,600.0,0.0,157.7598,5905.6645
176.28,1.218,0.0,600.0,0.0,169.221,5916.7939
176.28,1.218,0.0,600.0,0.0,156.7946,5927.747
176.28,1.218,0.0,600.0,0.0,167.8724,5938.9101
176.28,1.218,0.0,600.0,0.0,158.9035,5949.8715
176.28,1.218,0.0,600.0,0.0,166.9955,5960.998
176.28,1.218,0.0,600.0,0.0,157.6374,5971.9687
176.28,1.218,0.0,600.0,0.0,164.8748,5983.1025
176.28,1.218,0.0,600.0,0.0,162.2175,5994.1132
176.28,1.218,0.0,600.0,0.0,163.2592,6005.2133
176.28,1.218,0.0,600.0,0.0,163.9897,6016.2167
176.28,1.218,0.0,600.0,0.0,161.3225,6027.3168
176.28,1.218,0.0,600.0,0.0,165.9787,6038.3725
176.28,1.218,0.0,600.0,0.0,160.5707,6049.4365
176.28,1.218,0.0,600.0,0.0,165.2329,6060.4824
176.28,1.218,0.0,600.0,0.0,156.1828,6071.5473
176.28,1.218,0.0,600.0,0.0,168.3718,6082.6411
176.28,1.218,0.0,600.0,0.0,157.6105,6093.6625
176.28,1.218,0.0,600.0,0.0,168.528,6104.748
176.28,1.218,0.0,600.0,0.0,155.3427,6115.7524
176.28,1.218,0.0,600.0,0.0,171.5748,6126.9013
176.28,1.218,0.0,600.0,0.0,155.612,6137.875
176.28,1.218,0.0,600.0,0.0,171.3452,6148.9887
176.28,1.218,0.0,600.0,0.0,154.114,6159.9775
176.28,1.218,0.0,600.0,0.0,169.9476,6171.1342
176.28,1.218,0.0,600.0,0.0,158.2508,6182.0952
176.28,1.218,0.0,600.0,0.0,168.405,6193.2363
176.28,1.218,0.0,600.0,0.0,153.9041,6204.2021
176.28,1.218,0.0,600.0,0.0,167.8724,6215.373
176.28,1.218,0.0,600.0,0.0,158.7791,6226.3466
181.28,1.218,0.0,600.0,0.0,165.4465,6237.4892
181.28,1.218,0.0,600.0,0.0,160.2814,6248.4687
181.28,1.218,0.0,600.0,0.0,163.9938,6259.6162
181.28,1.218,0.0,600.0,0.0,163.7414,6270.6215
181.28,1.218,0.0,600.0,0.0,163.763,6281.7036
181.28,1.218,0.0,600.0,0.0,162.8185,6292.7299
181.28,1.218,0.0,600.0,0.0,159.2327,6303.8222
181.28,1.218,0.0,600.0,0.0,165.6509,6314.8715
181.28,1.218,0.0,600.0,0.0,159.2786,6325.9282
181.28,1.218,0.0,600.0,0.0,166.2959,6336.9794
181.28,1.218,0.0,600.0,0.0,156.5088,6348.0258
181.28,1.218,0.0,600.0,0.0,169.6192,6359.125
181.28,1.218,0.0,600.0,0.0,158.2105,6370.1435
181.28,1.218,0.0,600.0,0.0,168.7702,6381.2338
181.28,1.218,0.0,600.0,0.0,155.2252,6392.2373
181.28,1.218,0.0,600.0,0.0,172.0442,6403.373
181.28,1.218,0.0,600.0,0.0,156.2404,6414.3608
181.28,1.218,0.0,600.0,0.0,169.0303,6425.4765
181.28,1.218,0.0,600.0,0.0,154.8345,6436.4492
181.28,1.218,0.0,600.0,0.0,169.7495,6447.621
181.28,1.218,0.0,600.0,0.0,158.5753,6458.5825
181.28,1.218,0.0,600.0,0.0,168.4048,6469.7221
181.28,1.218,0.0,600.0,0.0,154.2707,6480.687
181.28,1.218,0.0,600.0,0.0,168.1155,6491.8432
181.28,1.218,0.0,600.0,0.0,158.9532,6502.831
181.28,1.218,0.0,600.0,0.0,166.9524,6513.9619
181.28,1.218,0.0,600.0,0.0,158.913,6524.9404
181.28,1.218,0.0,600.0,0.0,162.9201,6536.0717
181.28,1.218,0.0,600.0,0.0,163.084,6547.0786
181.28,1.218,0.0,600.0,0.0,163.8009,6558.1767
186.28,1.218,0.0,600.0,0.0,163.1324,6569.2041
186.28,1.218,0.0,600.0,0.0,159.0676,6580.3066
186.28,1.218,0.0,600.0,0.0,166.3256,6591.3618
186.28,1.218,0.0,600.0,0.0,159.1282,6602.4155
186.28,1.218,0.0,600.0,0.0,165.6872,6613.4687
186.28,1.218,0.0,600.0,0.0,156.9288,6624.5078
186.28,1.218,0.0,600.0,0.0,171.1542,6635.6069
186.28,1.218,0.0,600.0,0.0,156.9533,6646.6206
186.28,1.218,0.0,600.0,0.0,168.7693,6657.7128
186.28,1.218,0.0,600.0,0.0,153.1757,6668.7119
186.28,1.218,0.0,600.0,0.0,169.7408,6679.8505
186.28,1.218,0.0,600.0,0.0,156.981,6690.8374
186.28,1.218,0.0,600.0,0.0,169.3744,6701.956
186.28,1.218,0.0,600.0,0.0,155.0858,6712.9282
186.28,1.218,0.0,600.0,0.0,169.9488,6724.1
186.28,1.218,0.0,600.0,0.0,158.8284,6735.0615
186.28,1.218,0.0,600.0,0.0,167.9979,6746.2016
186.28,1.218,0.0,600.0,0.0,157.1754,6757.1669
186.28,1.218,0.0,600.0,0.0,168.2901,6768.3232
186.28,1.218,0.0,600.0,0.0,160.9153,6779.2983
186.28,1.218,0.0,600.0,0.0,166.1703,6790.4262
186.28,1.218,0.0,600.0,0.0,159.5588,6801.4072
186.28,1.218,0.0,600.0,0.0,164.0198,6812.5239
186.28,1.218,0.0,600.0,0.0,165.1761,6823.5292
186.28,1.218,0.0,600.0,0.0,163.3894,6834.6284
186.28,1.218,0.0,600.0,0.0,162.2357,6845.6376
186.28,1.218,0.0,600.0,0.0,159.5294,6856.7319
186.28,1.218,0.0,600.0,0.0,166.6385,6867.7807
186.28,1.218,0.0,600.0,0.0,161.4549,6878.8271
186.28,1.218,0.0,600.0,0.0,167.7478,6889.8735
191.28,1.218,0.0,600.0,0.0,156.5115,6900.9506
191.28,1.218,0.0,600.0,0.0,169.9762,6912.0502
191.28,1.218,0.0,600.0,0.0,158.9128,6923.0537
191.28,1.218,0.0,600.0,0.0,170.3293,6934.1577
191.28,1.218,0.0,600.0,0.0,154.3495,6945.1591
191.28,1.218,0.0,600.0,0.0,171.5462,6956.2958
191.28,1.218,0.0,600.0,0.0,155.7746,6967.27
191.28,1.218,0.0,600.0,0.0,171.2762,6978.3862
191.28,1.218,0.0,600.0,0.0,154.4998,6989.3598
191.28,1.218,0.0,600.0,0.0,170.9972,7000.5175
191.28,1.218,0.0,600.0,0.0,157.1103,7011.4936
191.28,1.218,0.0,600.0,0.0,167.8232,7022.6196
191.28,1.218,0.0,600.0,0.0,156.6391,7033.5849
191.28,1.218,0.0,600.0,0.0,168.2581,7044.7426
191.28,1.218,0.0,600.0,0.0,159.9379,7055.7314
191.28,1.218,0.0,600.0,0.0,165.9347,7066.8461
191.28,1.218,0.0,600.0,0.0,157.913,7077.8237
191.28,1.218,0.0,600.0,0.0,164.2552,7088.9599
191.28,1.218,0.0,600.0,0.0,163.6732,7099.9624
191.28,1.218,0.0,600.0,0.0,162.9852,7111.0517
191.28,1.218,0.0,600.0,0.0,161.7138,7122.0576
191.28,1.218,0.0,600.0,0.0,159.3185,7133.1572
191.28,1.218,0.0,600.0,0.0,167.4911,7144.2167
191.28,1.218,0.0,600.0,0.0,161.437,7155.2666
191.28,1.218,0.0,600.0,0.0,166.1341,7166.3276
191.28,1.218,0.0,600.0,0.0,157.5243,7177.3779
191.28,1.218,0.0,600.0,0.0,169.6928,7188.4868
191.28,1.218,0.0,600.0,0.0,158.0902,7199.5078
191.28,1.218,0.0,600.0,0.0,168.2988,7210.5957
196.28,1.218,0.0,600.0,0.0,154.4156,7221.6284
196.28,1.218,0.0,600.0,0.0,169.7054,7232.7666
196.28,1.218,0.0,600.0,0.0,156.1156,7243.7534
196.28,1.218,0.0,600.0,0.0,168.559,7254.8735
196.28,1.218,0.0,600.0,0.0,154.8134,7265.8461
196.28,1.218,0.0,600.0,0.0,170.3497,7277.0209
196.28,1.218,0.0,600.0,0.0,156.4024,7287.9838
196.28,1.218,0.0,600.0,0.0,169.2528,7299.1259
196.28,1.218,0.0,600.0,0.0,155.1397,7310.0922
196.28,1.218,0.0,600.0,0.0,165.6395,7321.2485
196.28,1.218,0.0,600.0,0.0,160.5502,7332.2421
196.28,1.218,0.0,600.0,0.0,164.8065,7343.3544
196.28,1.218,0.0,600.0,0.0,157.7077,7354.3383
196.28,1.218,0.0,600.0,0.0,164.297,7365.4697
196.28,1.218,0.0,600.0,0.0,164.2065,7376.496
196.28,1.218,0.0,600.0,0.0,163.0749,7387.5908
196.28,1.218,0.0,600.0,0.0,162.2217,7398.6079
196.28,1.218,0.0,600.0,0.0,157.7607,7409.6943
196.28,1.218,0.0,600.0,0.0,169.0692,7420.7519
196.28,1.218,0.0,600.0,0.0,158.9271,7431.8037
196.28,1.218,0.0,600.0,0.0,165.9347,7442.8632
196.28,1.218,0.0,600.0,0.0,156.9922,7453.9028
196.28,1.218,0.0,600.0,0.0,170.4626,7465.0219
196.28,1.218,0.0,600.0,0.0,158.454,7476.018
196.28,1.218,0.0,600.0,0.0,170.9429,7487.1127
196.28,1.218,0.0,600.0,0.0,154.4118,7498.122
196.28,1.218,0.0,600.0,0.0,170.6825,7509.2651
196.28,1.218,0.0,600.0,0.0,155.2256,7520.2353
196.28,1.218,0.0,600.0,0.0,170.8353,7531.3564
196.28,1.218,0.0,600.0,0.0,154.6072,7542.3437
201.28,1.218,0.0,600.0,0.0,169.0997,7553.519
201.28,1.218,0.0,600.0,0.0,159.1502,7564.4833
201.28,1.218,0.0,600.0,0.0,167.6054,7575.6225
201.28,1.218,0.0,600.0,0.0,157.6723,7586.5908
201.28,1.218,0.0,600.0,0.0,167.6673,7597.7456
201.28,1.218,0.0,600.0,0.0,161.8789,7608.7236
201.28,1.218,0.0,600.0,0.0,166.8264,7619.8349
201.28,1.218,0.0,600.0,0.0,158.2621,7630.8188
201.28,1.218,0.0,600.0,0.0,161.9921,7641.9467
201.28,1.218,0.0,600.0,0.0,163.5353,7652.9584
201.28,1.218,0.0,600.0,0.0,161.5788,7664.0366
201.28,1.218,0.0,600.0,0.0,162.1551,7675.0512
201.28,1.218,0.0,600.0,0.0,158.3561,7686.1386
201.28,1.218,0.0,600.0,0.0,168.9874,7697.1918
201.28,1.218,0.0,600.0,0.0,159.2464,7708.2465
201.28,1.218,0.0,600.0,0.0,165.6506,7719.3007
201.28,1.218,0.0,600.0,0.0,155.2354,7730.3417
201.28,1.218,0.0,600.0,0.0,169.5422,7741.4418
201.28,1.218,0.0,600.0,0.0,158.2291,7752.4589
201.28,1.218,0.0,600.0,0.0,169.9135,7763.5532
201.28,1.218,0.0,600.0,0.0,153.9079,7774.5517
201.28,1.218,0.0,600.0,0.0,171.5892,7785.6914
201.28,1.218,0.0,600.0,0.0,157.0635,7796.663
201.28,1.218,0.0,600.0,0.0,171.404,7807.7666
201.28,1.218,0.0,600.0,0.0,152.2657,7818.7421
201.28,1.218,0.0,600.0,0.0,170.99,7829.8999
201.28,1.218,0.0,600.0,0.0,156.6331,7840.8764
201.28,1.218,0.0,600.0,0.0,170.1703,7852.0024
201.28,1.218,0.0,600.0,0.0,156.2062,7862.9663
201.28,1.218,0.0,600.0,0.0,168.7327,7874.1254
206.28,1.218,0.0,600.0,0.0,159.9363,7885.1274
206.28,1.218,0.0,600.0,0.0,165.4787,7896.2407
206.28,1.218,0.0,600.0,0.0,157.3973,7907.2172
206.28,1.218,0.0,600.0,0.0,164.6206,7918.35
206.28,1.218,0.0,600.0,0.0,164.6245,7929.351
206.28,1.218,0.0,600.0,0.0,163.3486,7940.4531
206.28,1.218,0.0,600.0,0.0,162.3354,7951.4619
206.28,1.218,0.0,600.0,0.0,159.5901,7962.559
206.28,1.218,0.0,600.0,0.0,165.998,7973.6049
206.28,1.218,0.0,600.0,0.0,161.4989,7984.6552
206.28,1.218,0.0,600.0,0.0,167.4622,7995.6992
206.28,1.218,0.0,600.0,0.0,155.4954,8006.7519
206.28,1.218,0.0,600.0,0.0,169.1529,8017.8408
206.28,1.218,0.0,600.0,0.0,158.9459,8028.8515
206.28,1.218,0.0,600.0,0.0,169.4092,8039.9492
206.28,1.218,0.0,600.0,0.0,154.2088,8050.9565
206.28,1.218,0.0,600.0,0.0,170.6727,8062.0869
206.28,1.218,0.0,600.0,0.0,157.9529,8073.0634
206.28,1.218,0.0,600.0,0.0,171.649,8084.1752
206.28,1.218,0.0,600.0,0.0,153.0086,8095.1523
206.28,1.218,0.0,600.0,0.0,170.9618,8106.3061
206.28,1.218,0.0,600.0,0.0,157.3623,8117.2695
206.28,1.218,0.0,600.0,0.0,170.5763,8128.3803
206.28,1.218,0.0,600.0,0.0,153.3582,8139.3442
206.28,1.218,0.0,600.0,0.0,168.0767,8150.5063
206.28,1.218,0.0,600.0,0.0,157.4039,8161.4726
206.28,1.218,0.0,600.0,0.0,168.3134,8172.5952
206.28,1.218,0.0,600.0,0.0,157.8326,8183.5654
206.28,1.218,0.0,600.0,0.0,165.7847,8194.7138
206.28,1.218,0.0,600.0,0.0,162.3421,8205.7177
211.28,1.218,0.0,600.0,0.0,164.4601,8216.833
211.28,1.218,0.0,600.0,0.0,162.1262,8227.8457
211.28,1.218,0.0,600.0,0.0,161.1332,8238.956
211.28,1.218,0.0,600.0,0.0,165.805,8249.9902
211.28,1.218,0.0,600.0,0.0,162.2665,8261.0507
211.28,1.218,0.0,600.0,0.0,166.0231,8272.1015
211.28,1.218,0.0,600.0,0.0,157.014,8283.164
211.28,1.218,0.0,600.0,0.0,168.0633,8294.2451
211.28,1.218,0.0,600.0,0.0,157.9007,8305.2763
211.28,1.218,0.0,600.0,0.0,169.6111,8316.3701
211.28,1.218,0.0,600.0,0.0,153.6944,8327.3847
211.28,1.218,0.0,600.0,0.0,172.1534,8338.5097
211.28,1.218,0.0,600.0,0.0,158.0785,8349.5068
211.28,1.218,0.0,600.0,0.0,170.3685,8360.6337
211.28,1.218,0.0,600.0,0.0,152.7038,8371.6103
211.28,1.218,0.0,600.0,0.0,171.7914,8382.7656
211.28,1.218,0.0,600.0,0.0,156.7123,8393.7431
211.28,1.218,0.0,600.0,0.0,167.9755,8404.8691
211.28,1.218,0.0,600.0,0.0,155.7215,8415.833
211.28,1.218,0.0,600.0,0.0,167.8533,8427.0068
211.28,1.218,0.0,600.0,0.0,157.3721,8437.9746
211.28,1.218,0.0,600.0,0.0,167.506,8449.1093
211.28,1.218,0.0,600.0,0.0,157.3565,8460.083
211.28,1.218,0.0,600.0,0.0,163.2663,8471.2236
211.28,1.218,0.0,600.0,0.0,163.1167,8482.2343
211.28,1.218,0.0,600.0,0.0,164.9052,8493.3251
211.28,1.218,0.0,600.0,0.0,161.9398,8504.3427
211.28,1.218,0.0,600.0,0.0,159.336,8515.4462
211.28,1.218,0.0,600.0,0.0,166.8037,8526.5029
211.28,1.218,0.0,600.0,0.0,161.7502,8537.5566
216.28,1.218,0.0,600.0,0.0,165.9348,8548.6318
216.28,1.218,0.0,600.0,0.0,157.984,8559.6835
216.28,1.218,0.0,600.0,0.0,170.2229,8570.7929
216.28,1.218,0.0,600.0,0.0,158.6035,8581.7988
216.28,1.218,0.0,600.0,0.0,169.6762,8592.9042
216.28,1.218,0.0,600.0,0.0,153.1096,8603.9062
216.28,1.218,0.0,600.0,0.0,171.6219,8615.0566
216.28,1.218,0.0,600.0,0.0,155.4828,8626.0292
216.28,1.218,0.0,600.0,0.0,171.1963,8637.1464
216.28,1.218,0.0,600.0,0.0,153.3243,8648.1347
216.28,1.218,0.0,600.0,0.0,168.5232,8659.2919
216.28,1.218,0.0,600.0,0.0,157.4234,8670.2695
216.28,1.218,0.0,600.0,0.0,170.2075,8681.3964
216.28,1.218,0.0,600.0,0.0,155.4491,8692.3759
216.28,1.218,0.0,600.0,0.0,166.1146,8703.5312
216.28,1.218,0.0,600.0,0.0,161.1857,8714.5068
216.28,1.218,0.0,600.0,0.0,165.5015,8725.6347
216.28,1.218,0.0,600.0,0.0,157.5348,8736.6152
216.28,1.218,0.0,600.0,0.0,164.5716,8747.747
216.28,1.218,0.0,600.0,0.0,164.0893,8758.7675
216.28,1.218,0.0,600.0,0.0,162.5937,8769.8505
216.28,1.218,0.0,600.0,0.0,161.2952,8780.8603
216.28,1.218,0.0,600.0,0.0,160.7417,8791.9541
216.28,1.218,0.0,600.0,0.0,168.2666,8803.0019
216.28,1.218,0.0,600.0,0.0,159.115,8814.0615
216.28,1.218,0.0,600.0,0.0,167.4954,8825.125
216.28,1.218,0.0,600.0,0.0,155.9749,8836.1689
216.28,1.218,0.0,600.0,0.0,171.2516,8847.2636
216.28,1.218,0.0,600.0,0.0,159.0359,8858.2812
216.28,1.218,0.0,600.0,0.0,169.1839,8869.3867
221.28,1.218,0.0,600.0,0.0,154.3972,8880.3994
221.28,1.218,0.0,600.0,0.0,169.765,8891.5371
221.28,1.218,0.0,600.0,0.0,157.4518,8902.5214
221.28,1.218,0.0,600.0,0.0,170.3414,8913.6386
221.28,1.218,0.0,600.0,0.0,153.2835,8924.6083
221.28,1.218,0.0,600.0,0.0,169.4317,8935.7646
221.28,1.218,0.0,600.0,0.0,156.0158,8946.7255
221.28,1.218,0.0,600.0,0.0,170.1263,8957.8505
221.28,1.218,0.0,600.0,0.0,156.2008,8968.8134
221.28,1.218,0.0,600.0,0.0,168.1291,8979.9687
221.28,1.218,0.0,600.0,0.0,159.631,8990.9521
221.28,1.218,0.0,600.0,0.0,165.3098,9002.0654
221.28,1.218,0.0,600.0,0.0,156.8549,9013.0419
221.28,1.218,0.0,600.0,0.0,164.755,9024.1757
221.28,1.218,0.0,600.0,0.0,164.3175,9035.1748
221.28,1.218,0.0,600.0,0.0,163.3928,9046.2773
221.28,1.218,0.0,600.0,0.0,161.4552,9057.2812
221.28,1.218,0.0,600.0,0.0,159.3244,9068.3818
221.28,1.218,0.0,600.0,0.0,165.5311,9079.4218
221.28,1.218,0.0,600.0,0.0,161.5946,9090.4736
221.28,1.218,0.0,600.0,0.0,167.1963,9101.5136
221.28,1.218,0.0,600.0,0.0,158.068,9112.5722
221.28,1.218,0.0,600.0,0.0,170.0643,9123.6738
221.28,1.218,0.0,600.0,0.0,159.5453,9134.6865
221.28,1.218,0.0,600.0,0.0,170.0166,9145.7685
221.28,1.218,0.0,600.0,0.0,155.3162,9156.7783
221.28,1.218,0.0,600.0,0.0,172.1993,9167.9062
221.28,1.218,0.0,600.0,0.0,156.9799,9178.9013
221.28,1.218,0.0,600.0,0.0,170.3968,9190.0136
221.28,1.218,0.0,600.0,0.0,154.4403,9200.9765
226.28,1.218,0.0,600.0,0.0,170.5565,9212.1455
226.28,1.218,0.0,600.0,0.0,157.8164,9223.1074
226.28,1.218,0.0,600.0,0.0,170.778,9234.2333
226.28,1.218,0.0,600.0,0.0,153.8672,9245.1972
226.28,1.218,0.0,600.0,0.0,168.8279,9256.3564
226.28,1.218,0.0,600.0,0.0,159.6962,9267.3095
226.28,1.218,0.0,600.0,0.0,167.8632,9278.4443
226.28,1.218,0.0,600.0,0.0,155.6755,9289.3994
226.28,1.218,0.0,600.0,0.0,165.7001,9300.5468
226.28,1.218,0.0,600.0,0.0,159.8854,9311.5195
226.28,1.218,0.0,600.0,0.0,165.8903,9322.623
226.28,1.218,0.0,600.0,0.0,161.5425,9333.6132
226.28,1.218,0.0,600.0,0.0,160.8944,9344.7343
226.28,1.218,0.0,600.0,0.0,164.3138,9355.7548
226.28,1.218,0.0,600.0,0.0,163.2188,9366.8291
226.28,1.218,0.0,600.0,0.0,165.2828,9377.8515
226.28,1.218,0.0,600.0,0.0,159.4053,9388.9306
226.28,1.218,0.0,600.0,0.0,166.6799,9399.996
226.28,1.218,0.0,600.0,0.0,160.3649,9411.0283
226.28,1.218,0.0,600.0,0.0,168.7396,9422.0888
226.28,1.218,0.0,600.0,0.0,154.5949,9433.124
226.28,1.218,0.0,600.0,0.0,169.6328,9444.2294
226.28,1.218,0.0,600.0,0.0,156.462,9455.2265
226.28,1.218,0.0,600.0,0.0,169.5587,9466.3232
226.28,1.218,0.0,600.0,0.0,154.601,9477.3037
226.28,1.218,0.0,600.0,0.0,169.4436,9488.4414
226.28,1.218,0.0,600.0,0.0,157.6778,9499.413
226.28,1.218,0.0,600.0,0.0,170.916,9510.5292
226.28,1.218,0.0,600.0,0.0,154.9841,9521.5009
226.28,1.218,0.0,600.0,0.0,168.7887,9532.6572
231.28,1.218,0.0,600.0,0.0,156.9013,9543.6328
231.28,1.218,0.0,600.0,0.0,170.0102,9554.7597
231.28,1.218,0.0,600.0,0.0,154.3277,9565.7226
231.28,1.218,0.0,600.0,0.0,167.1745,9576.8808
231.28,1.218,0.0,600.0,0.0,160.0906,9587.8525
231.28,1.218,0.0,600.0,0.0,167.1255,9598.9687
231.28,1.218,0.0,600.0,0.0,158.9767,9609.9277
231.28,1.218,0.0,600.0,0.0,165.1482,9621.0664
231.28,1.218,0.0,600.0,0.0,164.1875,9632.0644
231.28,1.218,0.0,600.0,0.0,163.3366,9643.1699
231.28,1.218,0.0,600.0,0.0,161.8627,9654.1728
231.28,1.218,0.0,600.0,0.0,159.2324,9665.2617
231.28,1.218,0.0,600.0,0.0,166.9091,9676.2978
231.28,1.218,0.0,600.0,0.0,160.9225,9687.3535
231.28,1.218,0.0,600.0,0.0,165.8878,9698.3906
231.28,1.218,0.0,600.0,0.0,155.8743,9709.4375
231.28,1.218,0.0,600.0,0.0,169.112,9720.5166
231.28,1.218,0.0,600.0,0.0,157.9481,9731.538
231.28,1.218,0.0,600.0,0.0,168.6308,9742.6123
231.28,1.218,0.0,600.0,0.0,153.7921,9753.621
231.28,1.218,0.0,600.0,0.0,171.1551,9764.7412
231.28,1.218,0.0,600.0,0.0,157.4626,9775.7314
231.28,1.218,0.0,600.0,0.0,171.2996,9786.8212
231.28,1.218,0.0,600.0,0.0,155.1705,9797.8115
231.28,1.218,0.0,600.0,0.0,170.8064,9808.9599
231.28,1.218,0.0,600.0,0.0,156.5733,9819.9267
231.28,1.218,0.0,600.0,0.0,170.1987,9831.0488
231.28,1.218,0.0,600.0,0.0,155.3091,9842.0039
231.28,1.218,0.0,600.0,0.0,170.5907,9853.163
231.28,1.218,0.0,600.0,0.0,158.8524,9864.1259
236.28,1.218,0.0,600.0,0.0,168.7615,9875.2812
236.28,1.218,0.0,600.0,0.0,157.5408,9886.2324
236.28,1.218,0.0,600.0,0.0,165.1433,9897.3857
236.28,1.218,0.0,600.0,0.0,159.3496,9908.3652
236.28,1.218,0.0,600.0,0.0,166.6326,9919.4755
236.28,1.218,0.0,600.0,0.0,158.7073,9930.4619
236.28,1.218,0.0,600.0,0.0,163.6779,9941.5751
236.28,1.218,0.0,600.0,0.0,163.068,9952.5849
236.28,1.218,0.0,600.0,0.0,162.424,9963.6679
236.28,1.218,0.0,600.0,0.0,163.0149,9974.6806
236.28,1.218,0.0,600.0,0.0,160.5088,9985.7597
236.28,1.218,0.0,600.0,0.0,166.5513,9996.8085
236.28,1.218,0.0,600.0,0.0,159.8494,10007.8544
236.28,1.218,0.0,600.0,0.0,167.0014,10018.9023
236.28,1.218,0.0,600.0,0.0,156.0865,10029.9375
236.28,1.218,0.0,600.0,0.0,170.0291,10041.0292
236.28,1.218,0.0,600.0,0.0,157.8243,10052.041
236.28,1.218,0.0,600.0,0.0,168.8386,10063.123
236.28,1.218,0.0,600.0,0.0,153.9013,10074.1337
236.28,1.218,0.0,600.0,0.0,170.4546,10085.2636
236.28,1.218,0.0,600.0,0.0,157.8833,10096.2421
236.28,1.218,0.0,600.0,0.0,169.2214,10107.3544
236.28,1.218,0.0,600.0,0.0,153.7213,10118.3339
236.28,1.218,0.0,600.0,0.0,170.6877,10129.4882
236.28,1.218,0.0,600.0,0.0,156.7757,10140.4511
236.28,1.218,0.0,600.0,0.0,169.4663,10151.5791
236.28,1.218,0.0,600.0,0.0,155.0464,10162.5429
236.28,1.218,0.0,600.0,0.0,168.3039,10173.7011
236.28,1.218,0.0,600.0,0.0,158.4311,10184.6699
236.28,1.218,0.0,600.0,0.0,166.7105,10195.7919
241.28,1.218,0.0,600.0,0.0,156.1566,10206.7783
241.28,1.218,0.0,600.0,0.0,164.183,10217.9238
241.28,1.218,0.0,600.0,0.0,161.0444,10228.914
241.28,1.218,0.0,600.0,0.0,165.1528,10240.0273
241.28,1.218,0.0,600.0,0.0,160.5613,10251.0244
241.28,1.218,0.0,600.0,0.0,161.6692,10262.1484
241.28,1.218,0.0,600.0,0.0,165.8754,10273.1835
241.28,1.218,0.0,600.0,0.0,162.2601,10284.2412
241.28,1.218,0.0,600.0,0.0,166.5025,10295.2763
241.28,1.218,0.0,600.0,0.0,158.2561,10306.3388
241.28,1.218,0.0,600.0,0.0,167.5436,10317.4189
241.28,1.218,0.0,600.0,0.0,159.106,10328.4541
241.28,1.218,0.0,600.0,0.0,169.4009,10339.5126
241.28,1.218,0.0,600.0,0.0,153.6943,10350.5361
241.28,1.218,0.0,600.0,0.0,170.2505,10361.6523
241.28,1.218,0.0,600.0,0.0,156.4133,10372.6396
241.28,1.218,0.0,600.0,0.0,168.8211,10383.7431
241.28,1.218,0.0,600.0,0.0,152.8639,10394.7294
241.28,1.218,0.0,600.0,0.0,169.8343,10405.8769
241.28,1.218,0.0,600.0,0.0,156.9453,10416.8583
241.28,1.218,0.0,600.0,0.0,169.6308,10427.9824
241.28,1.218,0.0,600.0,0.0,153.6238,10438.9501
241.28,1.218,0.0,600.0,0.0,167.8829,10450.1103
241.28,1.218,0.0,600.0,0.0,158.6454,10461.0898
241.28,1.218,0.0,600.0,0.0,167.0045,10472.2128
241.28,1.218,0.0,600.0,0.0,155.1178,10483.1806
241.28,1.218,0.0,600.0,0.0,166.3958,10494.3457
241.28,1.218,0.0,600.0,0.0,161.0491,10505.33
241.28,1.218,0.0,600.0,0.0,166.1748,10516.4345
241.28,1.218,0.0,600.0,0.0,160.5553,10527.4394
246.28,1.218,0.0,600.0,0.0,160.7753,10538.5693
246.28,1.218,0.0,600.0,0.0,164.446,10549.5957
246.28,1.218,0.0,600.0,0.0,161.5433,10560.6757
246.28,1.218,0.0,600.0,0.0,163.91,10571.705
246.28,1.218,0.0,600.0,0.0,158.9346,10582.7744
246.28,1.218,0.0,600.0,0.0,169.408,10593.8623
246.28,1.218,0.0,600.0,0.0,160.0422,10604.8847
246.28,1.218,0.0,600.0,0.0,167.7004,10615.9707
246.28,1.218,0.0,600.0,0.0,153.7799,10626.9931
246.28,1.218,0.0,600.0,0.0,168.9798,10638.1103
246.28,1.218,0.0,600.0,0.0,157.117,10649.1113
246.28,1.218,0.0,600.0,0.0,170.3631,10660.2167
246.28,1.218,0.0,600.0,0.0,153.4724,10671.2021
246.28,1.218,0.0,600.0,0.0,171.4493,10682.3515
246.28,1.218,0.0,600.0,0.0,155.8914,10693.3164
246.28,1.218,0.0,600.0,0.0,168.0994,10704.4423
246.28,1.218,0.0,600.0,0.0,152.7482,10715.4101
246.28,1.218,0.0,600.0,0.0,167.5558,10726.5712
246.28,1.218,0.0,600.0,0.0,158.7814,10737.5507
246.28,1.218,0.0,600.0,0.0,167.875,10748.6757
246.28,1.218,0.0,600.0,0.0,156.9913,10759.6464
246.28,1.218,0.0,600.0,0.0,165.6106,10770.7949
246.28,1.218,0.0,600.0,0.0,160.7621,10781.7802
246.28,1.218,0.0,600.0,0.0,163.7733,10792.8847
246.28,1.218,0.0,600.0,0.0,161.725,10803.873
246.28,1.218,0.0,600.0,0.0,161.8093,10814.9941
246.28,1.218,0.0,600.0,0.0,165.753,10825.996
246.28,1.218,0.0,600.0,0.0,163.0035,10837.0839
246.28,1.218,0.0,600.0,0.0,162.383,10848.0869
246.28,1.218,0.0,600.0,0.0,157.6813,10859.1699
251.28,1.218,0.0,600.0,0.0,167.3565,10870.2451
251.28,1.218,0.0,600.0,0.0,158.4892,10881.2773
251.28,1.218,0.0,600.0,0.0,166.0734,10892.3349
251.28,1.218,0.0,600.0,0.0,157.1159,10903.372
251.28,1.218,0.0,600.0,0.0,168.6077,10914.4746
251.28,1.218,0.0,600.0,0.0,157.1871,10925.4873
251.28,1.218,0.0,600.0,0.0,168.876,10936.58
251.28,1.218,0.0,600.0,0.0,153.148,10947.5761
251.28,1.218,0.0,600.0,0.0,169.5475,10958.7158
251.28,1.218,0.0,600.0,0.0,156.666,10969.7021
251.28,1.218,0.0,600.0,0.0,170.0693,10980.8222
251.28,1.218,0.0,600.0,0.0,154.1106,10991.7929
251.28,1.218,0.0,600.0,0.0,170.7553,11002.9345
251.28,1.218,0.0,600.0,0.0,158.7414,11013.8955
251.28,1.218,0.0,600.0,0.0,167.5505,11025.0214
251.28,1.218,0.0,600.0,0.0,154.1015,11035.9863
251.28,1.218,0.0,600.0,0.0,165.7459,11047.1435
251.28,1.218,0.0,600.0,0.0,161.0102,11058.1152
251.28,1.218,0.0,600.0,0.0,166.3073,11069.246
251.28,1.218,0.0,600.0,0.0,158.2744,11080.2246
251.28,1.218,0.0,600.0,0.0,163.2039,11091.3583
251.28,1.218,0.0,600.0,0.0,161.9639,11102.3642
251.28,1.218,0.0,600.0,0.0,163.1512,11113.4648
251.28,1.218,0.0,600.0,0.0,162.3333,11124.4746
251.28,1.218,0.0,600.0,0.0,159.5141,11135.5712
251.28,1.218,0.0,600.0,0.0,167.0075,11146.6181
251.28,1.218,0.0,600.0,0.0,159.498,11157.665
251.28,1.218,0.0,600.0,0.0,165.7594,11168.7099
251.28,1.218,0.0,600.0,0.0,156.8808,11179.7597
251.28,1.218,0.0,600.0,0.0,170.4023,11190.8496
256.28,1.218,0.0,600.0,0.0,157.7733,11201.874
256.28,1.218,0.0,600.0,0.0,168.547,11212.958
256.28,1.218,0.0,600.0,0.0,154.1273,11223.9677
256.28,1.218,0.0,600.0,0.0,171.4289,11235.0986
256.28,1.218,0.0,600.0,0.0,156.3936,11246.0771
256.28,1.218,0.0,600.0,0.0,169.3604,11257.1923
256.28,1.218,0.0,600.0,0.0,152.3757,11268.1708
256.28,1.218,0.0,600.0,0.0,171.3904,11279.3271
256.28,1.218,0.0,600.0,0.0,157.3481,11290.3056
256.28,1.218,0.0,600.0,0.0,168.8203,11301.4296
256.28,1.218,0.0,600.0,0.0,155.2486,11312.3964
256.28,1.218,0.0,600.0,0.0,169.0674,11323.541
256.28,1.218,0.0,600.0,0.0,160.3523,11334.5087
256.28,1.218,0.0,600.0,0.0,167.5678,11345.6445
256.28,1.218,0.0,600.0,0.0,158.4174,11356.6035
256.28,1.218,0.0,600.0,0.0,165.8262,11367.748
256.28,1.218,0.0,600.0,0.0,162.5291,11378.7568
256.28,1.218,0.0,600.0,0.0,163.2483,11389.8525
256.28,1.218,0.0,600.0,0.0,160.069,11400.8496
256.28,1.218,0.0,600.0,0.0,160.2417,11411.9589
256.28,1.218,0.0,600.0,0.0,165.2004,11422.9912
256.28,1.218,0.0,600.0,0.0,160.1624,11434.0507
256.28,1.218,0.0,600.0,0.0,164.7817,11445.083
256.28,1.218,0.0,600.0,0.0,158.2304,11456.1494
256.28,1.218,0.0,600.0,0.0,167.3002,11467.2099
256.28,1.218,0.0,600.0,0.0,159.7942,11478.2353
256.28,1.218,0.0,600.0,0.0,169.7725,11489.3027
256.28,1.218,0.0,600.0,0.0,154.2776,11500.3291
256.28,1.218,0.0,600.0,0.0,169.8125,11511.4453
256.28,1.218,0.0,600.0,0.0,158.1255,11522.4355
261.28,1.218,0.0,600.0,0.0,169.235,11533.5537
261.28,1.218,0.0,600.0,0.0,154.241,11544.5566
261.28,1.218,0.0,600.0,0.0,171.2623,11555.707
261.28,1.218,0.0,600.0,0.0,158.1271,11566.6728
261.28,1.218,0.0,600.0,0.0,171.1443,11577.7988
261.28,1.218,0.0,600.0,0.0,155.4985,11588.7656
261.28,1.218,0.0,600.0,0.0,169.8605,11599.9267
261.28,1.218,0.0,600.0,0.0,158.5006,11610.9062
261.28,1.218,0.0,600.0,0.0,166.4454,11622.0312
261.28,1.218,0.0,600.0,0.0,157.3337,11633.0156
261.28,1.218,0.0,600.0,0.0,164.8315,11644.163
261.28,1.218,0.0,600.0,0.0,160.1688,11655.1494
261.28,1.218,0.0,600.0,0.0,164.9311,11666.2666
261.28,1.218,0.0,600.0,0.0,159.854,11677.2578
261.28,1.218,0.0,600.0,0.0,160.8914,11688.374
261.28,1.218,0.0,600.0,0.0,163.912,11699.3964
261.28,1.218,0.0,600.0,0.0,161.8914,11710.4785
261.28,1.218,0.0,600.0,0.0,164.3898,11721.5058
261.28,1.218,0.0,600.0,0.0,157.4113,11732.5791
261.28,1.218,0.0,600.0,0.0,167.3833,11743.6474
261.28,1.218,0.0,600.0,0.0,159.8527,11754.6894
261.28,1.218,0.0,600.0,0.0,167.909,11765.7578
261.28,1.218,0.0,600.0,0.0,154.2855,11776.7841
261.28,1.218,0.0,600.0,0.0,172.088,11787.8964
261.28,1.218,0.0,600.0,0.0,156.7656,11798.9023
261.28,1.218,0.0,600.0,0.0,168.6505,11810.0029
261.28,1.218,0.0,600.0,0.0,154.7289,11820.9912
261.28,1.218,0.0,600.0,0.0,171.9696,11832.1367
261.28,1.218,0.0,600.0,0.0,155.9394,11843.1191
261.28,1.218,0.0,600.0,0.0,170.9348,11854.2382
266.28,1.218,0.0,600.0,0.0,154.756,11865.2363
266.28,1.218,0.0,600.0,0.0,168.715,11876.3945
266.28,1.218,0.0,600.0,0.0,157.1772,11887.3574
266.28,1.218,0.0,600.0,0.0,168.8537,11898.4814
266.28,1.218,0.0,600.0,0.0,157.4282,11909.4482
266.28,1.218,0.0,600.0,0.0,165.6275,11920.6123
266.28,1.218,0.0,600.0,0.0,160.0542,11931.5927
266.28,1.218,0.0,600.0,0.0,165.6359,11942.7109
266.28,1.218,0.0,600.0,0.0,160.0192,11953.6982
266.28,1.218,0.0,600.0,0.0,161.4934,11964.8183
266.28,1.218,0.0,600.0,0.0,166.4082,11975.8359
266.28,1.218,0.0,600.0,0.0,161.6688,11986.9218
266.28,1.218,0.0,600.0,0.0,163.4871,11997.9443
266.28,1.218,0.0,600.0,0.0,158.1438,12009.0214
266.28,1.218,0.0,600.0,0.0,167.9618,12020.0839
266.28,1.218,0.0,600.0,0.0,157.9765,12031.1132
266.28,1.218,0.0,600.0,0.0,167.1496,12042.1728
266.28,1.218,0.0,600.0,0.0,156.2553,12053.206
266.28,1.218,0.0,600.0,0.0,169.0865,12064.2949
266.28,1.218,0.0,600.0,0.0,156.385,12075.2919
266.28,1.218,0.0,600.0,0.0,168.5543,12086.3828
266.28,1.218,0.0,600.0,0.0,152.9028,12097.3818
266.28,1.218,0.0,600.0,0.0,169.8668,12108.5175
266.28,1.218,0.0,600.0,0.0,156.8167,12119.5029
266.28,1.218,0.0,600.0,0.0,170.115,12130.6191
266.28,1.218,0.0,600.0,0.0,154.0237,12141.5898
266.28,1.218,0.0,600.0,0.0,170.3491,12152.7451
266.28,1.218,0.0,600.0,0.0,157.7709,12163.7041
266.28,1.218,0.0,600.0,0.0,169.8561,12174.8134
266.28,1.218,0.0,600.0,0.0,156.2338,12185.7783
271.28,1.218,0.0,600.0,0.0,167.8886,12196.9638
271.28,1.218,0.0,600.0,0.0,159.3932,12207.9355
271.28,1.218,0.0,600.0,0.0,165.739,12219.0507
271.28,1.218,0.0,600.0,0.0,157.5428,12230.0263
271.28,1.218,0.0,600.0,0.0,164.4635,12241.164
271.28,1.218,0.0,600.0,0.0,163.6056,12252.1484
271.28,1.218,0.0,600.0,0.0,163.911,12263.2548
271.28,1.218,0.0,600.0,0.0,161.6515,12274.2548
271.28,1.218,0.0,600.0,0.0,160.1728,12285.3574
271.28,1.218,0.0,600.0,0.0,167.7268,12296.3808
271.28,1.218,0.0,600.0,0.0,162.0443,12307.4375
271.28,1.218,0.0,600.0,0.0,166.9262,12318.4726
271.28,1.218,0.0,600.0,0.0,158.4258,12329.5341
271.28,1.218,0.0,600.0,0.0,168.5758,12340.6132
271.28,1.218,0.0,600.0,0.0,159.608,12351.6308
271.28,1.218,0.0,600.0,0.0,167.6718,12362.706
271.28,1.218,0.0,600.0,0.0,154.5656,12373.7255
271.28,1.218,0.0,600.0,0.0,171.0143,12384.8447
271.28,1.218,0.0,600.0,0.0,156.5799,12395.831
271.28,1.218,0.0,600.0,0.0,169.8712,12406.9355
271.28,1.218,0.0,600.0,0.0,153.403,12417.9218
271.28,1.218,0.0,600.0,0.0,171.2544,12429.0712
271.28,1.218,0.0,600.0,0.0,156.5993,12440.038
271.28,1.218,0.0,600.0,0.0,169.7066,12451.1611
271.28,1.218,0.0,600.0,0.0,154.588,12462.1308
271.28,1.218,0.0,600.0,0.0,169.9815,12473.2763
271.28,1.218,0.0,600.0,0.0,159.2774,12484.2412
271.28,1.218,0.0,600.0,0.0,169.3323,12495.3671
271.28,1.218,0.0,600.0,0.0,154.9598,12506.3349
271.28,1.218,0.0,600.0,0.0,165.5359,12517.4863
276.28,1.218,0.0,600.0,0.0,166.7581,12529.0439
276.28,1.218,0.0,600.0,0.0,159.9969,12539.9687
276.28,1.218,0.0,600.0,0.0,162.9114,12550.9121
276.28,1.218,0.0,600.0,0.0,158.1982,12561.9101
276.28,1.218,0.0,600.0,0.0,164.3656,12572.8808
276.28,1.218,0.0,600.0,0.0,159.2748,12583.8789
276.28,1.218,0.0,600.0,0.0,163.6695,12594.8623
276.28,1.218,0.0,600.0,0.0,159.3285,12605.8886
276.28,1.218,0.0,600.0,0.0,166.5805,12616.9111
276.28,1.218,0.0,600.0,0.0,160.4817,12627.9287
276.28,1.218,0.0,600.0,0.0,166.7317,12638.9335
276.28,1.218,0.0,600.0,0.0,156.3385,12649.9755
276.28,1.218,0.0,600.0,0.0,168.7776,12661.038
276.28,1.218,0.0,600.0,0.0,157.8977,12672.0468
276.28,1.218,0.0,600.0,0.0,167.5811,12683.1064
276.28,1.218,0.0,600.0,0.0,155.902,12694.1269
276.28,1.218,0.0,600.0,0.0,168.9127,12705.2177
276.28,1.218,0.0,600.0,0.0,157.7579,12716.2216
276.28,1.218,0.0,600.0,0.0,170.7831,12727.2998
276.28,1.218,0.0,600.0,0.0,152.5926,12738.291
276.28,1.218,0.0,600.0,0.0,170.5608,12749.4277
276.28,1.218,0.0,600.0,0.0,156.5902,12760.3984
276.28,1.218,0.0,600.0,0.0,170.2585,12771.5146
276.28,1.218,0.0,600.0,0.0,152.5555,12782.4707
276.28,1.218,0.0,600.0,0.0,170.5556,12793.6269
276.28,1.218,0.0,600.0,0.0,157.5154,12804.5878
276.28,1.218,0.0,600.0,0.0,169.1763,12815.7128
276.28,1.218,0.0,600.0,0.0,155.8818,12826.6621
276.28,1.218,0.0,600.0,0.0,168.899,12837.8193
281.28,1.218,0.0,600.0,0.0,160.5563,12848.8056
281.28,1.218,0.0,600.0,0.0,166.4394,12859.9375
281.28,1.218,0.0,600.0,0.0,159.1275,12870.8994
281.28,1.218,0.0,600.0,0.0,163.7637,12882.04
281.28,1.218,0.0,600.0,0.0,162.816,12893.0371
281.28,1.218,0.0,600.0,0.0,163.9739,12904.1298
281.28,1.218,0.0,600.0,0.0,161.9747,12915.1308
281.28,1.218,0.0,600.0,0.0,161.3692,12926.2216
281.28,1.218,0.0,600.0,0.0,167.3921,12937.2568
281.28,1.218,0.0,600.0,0.0,162.4545,12948.3164
281.28,1.218,0.0,600.0,0.0,164.0867,12959.3496
281.28,1.218,0.0,600.0,0.0,157.9599,12970.414
281.28,1.218,0.0,600.0,0.0,170.1946,12981.4775
281.28,1.218,0.0,600.0,0.0,159.8219,12992.5019
281.28,1.218,0.0,600.0,0.0,167.3415,13003.5732
281.28,1.218,0.0,600.0,0.0,155.7798,13014.583
281.28,1.218,0.0,600.0,0.0,171.06,13025.6992
281.28,1.218,0.0,600.0,0.0,156.1405,13036.6767
281.28,1.218,0.0,600.0,0.0,170.8666,13047.7646
281.28,1.218,0.0,600.0,0.0,153.8645,13058.7587
281.28,1.218,0.0,600.0,0.0,169.8028,13069.8867
281.28,1.218,0.0,600.0,0.0,156.4132,13080.8574
281.28,1.218,0.0,600.0,0.0,168.741,13091.9638
281.28,1.218,0.0,600.0,0.0,154.8285,13102.9228
281.28,1.218,0.0,600.0,0.0,169.9529,13114.082
281.28,1.218,0.0,600.0,0.0,158.2062,13125.0283
281.28,1.218,0.0,600.0,0.0,168.6898,13136.1562
281.28,1.218,0.0,600.0,0.0,153.4519,13147.1064
281.28,1.218,0.0,600.0,0.0,167.4715,13158.2636
281.28,1.218,0.0,600.0,0.0,160.2901,13169.2187
286.28,1.218,0.0,600.0,0.0,166.3358,13180.3525
286.28,1.218,0.0,600.0,0.0,157.088,13191.3281
286.28,1.218,0.0,600.0,0.0,164.8411,13202.4697
286.28,1.218,0.0,600.0,0.0,163.7517,13213.4501
286.28,1.218,0.0,600.0,0.0,164.5069,13224.5615
286.28,1.218,0.0,600.0,0.0,161.8055,13235.5615
286.28,1.218,0.0,600.0,0.0,161.1141,13246.6689
286.28,1.218,0.0,600.0,0.0,164.3299,13257.6894
286.28,1.218,0.0,600.0,0.0,162.3269,13268.7509
286.28,1.218,0.0,600.0,0.0,164.8525,13279.7851
286.28,1.218,0.0,600.0,0.0,158.9038,13290.8369
286.28,1.218,0.0,600.0,0.0,168.8079,13301.9121
286.28,1.218,0.0,600.0,0.0,158.3015,13312.9365
286.28,1.218,0.0,600.0,0.0,168.8386,13324.0068
286.28,1.218,0.0,600.0,0.0,154.8471,13335.0185
286.28,1.218,0.0,600.0,0.0,171.6704,13346.1171
286.28,1.218,0.0,600.0,0.0,158.5211,13357.1103
286.28,1.218,0.0,600.0,0.0,168.6762,13368.2099
286.28,1.218,0.0,600.0,0.0,153.5084,13379.2041
286.28,1.218,0.0,600.0,0.0,172.0227,13390.333
286.28,1.218,0.0,600.0,0.0,158.1893,13401.3046
286.28,1.218,0.0,600.0,0.0,169.8651,13412.4248
286.28,1.218,0.0,600.0,0.0,152.9761,13423.3808
286.28,1.218,0.0,600.0,0.0,170.0694,13434.541
286.28,1.218,0.0,600.0,0.0,157.7947,13445.5039
286.28,1.218,0.0,600.0,0.0,169.7504,13456.6162
286.28,1.218,0.0,600.0,0.0,154.2931,13467.581
286.28,1.218,0.0,600.0,0.0,167.2693,13478.7392
286.28,1.218,0.0,600.0,0.0,160.3918,13489.6962
286.28,1.218,0.0,600.0,0.0,166.8393,13500.8261
291.28,1.218,0.0,600.0,0.0,158.8561,13511.8212
291.28,1.218,0.0,600.0,0.0,164.5554,13522.9414
291.28,1.218,0.0,600.0,0.0,161.5164,13533.9433
291.28,1.218,0.0,600.0,0.0,163.7926,13545.0449
291.28,1.218,0.0,600.0,0.0,162.2836,13556.0507
291.28,1.218,0.0,600.0,0.0,161.0708,13567.1347
291.28,1.218,0.0,600.0,0.0,165.7113,13578.1757
291.28,1.218,0.0,600.0,0.0,160.3473,13589.2285
291.28,1.218,0.0,600.0,0.0,166.407,13600.2675
291.28,1.218,0.0,600.0,0.0,156.7539,13611.3125
291.28,1.218,0.0,600.0,0.0,170.3992,13622.3769
291.28,1.218,0.0,600.0,0.0,157.7871,13633.3955
291.28,1.218,0.0,600.0,0.0,168.799,13644.4667
291.28,1.218,0.0,600.0,0.0,153.8717,13655.4755
291.28,1.218,0.0,600.0,0.0,170.7996,13666.5917
291.28,1.218,0.0,600.0,0.0,156.4603,13677.5791
291.28,1.218,0.0,600.0,0.0,170.1457,13688.6835
291.28,1.218,0.0,600.0,0.0,152.7801,13699.6572
291.28,1.218,0.0,600.0,0.0,171.4805,13710.7871
291.28,1.218,0.0,600.0,0.0,157.8415,13721.7568
291.28,1.218,0.0,600.0,0.0,169.3525,13732.8769
291.28,1.218,0.0,600.0,0.0,152.2499,13743.832
291.28,1.218,0.0,600.0,0.0,169.3861,13754.9931
291.28,1.218,0.0,600.0,0.0,157.9706,13765.957
291.28,1.218,0.0,600.0,0.0,169.4647,13777.0693
291.28,1.218,0.0,600.0,0.0,156.9639,13788.0371
291.28,1.218,0.0,600.0,0.0,165.8521,13799.1933
291.28,1.218,0.0,600.0,0.0,158.4191,13810.1679
291.28,1.218,0.0,600.0,0.0,167.4667,13821.2812
291.28,1.218,0.0,600.0,0.0,157.8266,13832.2607
296.28,1.218,0.0,600.0,0.0,163.051,13843.4091
296.28,1.218,0.0,600.0,0.0,163.0638,13854.415
296.28,1.218,0.0,600.0,0.0,164.1367,13865.5
296.28,1.218,0.0,600.0,0.0,163.6746,13876.5087
296.28,1.218,0.0,600.0,0.0,161.2765,13887.6054
296.28,1.218,0.0,600.0,0.0,165.4985,13898.6503
296.28,1.218,0.0,600.0,0.0,161.167,13909.6982
296.28,1.218,0.0,600.0,0.0,167.4346,13920.7431
296.28,1.218,0.0,600.0,0.0,157.6618,13931.7968
296.28,1.218,0.0,600.0,0.0,168.5009,13942.8867
296.28,1.218,0.0,600.0,0.0,158.923,13953.8964
296.28,1.218,0.0,600.0,0.0,170.3106,13964.9794
296.28,1.218,0.0,600.0,0.0,153.4808,13975.9892
296.28,1.218,0.0,600.0,0.0,170.7535,13987.1201
296.28,1.218,0.0,600.0,0.0,155.815,13998.1005
296.28,1.218,0.0,600.0,0.0,169.9086,14009.2109
296.28,1.218,0.0,600.0,0.0,154.688,14020.1777
296.28,1.218,0.0,600.0,0.0,169.0794,14031.3291
296.28,1.218,0.0,600.0,0.0,155.5239,14042.2929
296.28,1.218,0.0,600.0,0.0,168.0832,14053.4179
296.28,1.218,0.0,600.0,0.0,153.9688,14064.3828
296.28,1.218,0.0,600.0,0.0,168.318,14075.5429
296.28,1.218,0.0,600.0,0.0,158.8029,14086.5087
296.28,1.218,0.0,600.0,0.0,167.9867,14097.6308
296.28,1.218,0.0,600.0,0.0,158.0777,14108.5859
296.28,1.218,0.0,600.0,0.0,164.6929,14119.7353
296.28,1.218,0.0,600.0,0.0,161.1344,14130.7187
296.28,1.218,0.0,600.0,0.0,164.761,14141.8242
296.28,1.218,0.0,600.0,0.0,160.4319,14152.8154
296.28,1.218,0.0,600.0,0.0,163.0792,14163.9199
296.28,1.218,0.0,600.0,0.0,163.3694,14174.9375
